name,brand,price,original_price,rating,review_count,url,image_url,discount,stock_status,product_id,variants
bag,Heart PercentHeart Percent Dote On Mood Lip Pencil 0.8g,US$15.30US$17.00,,4.7,,https://global.oliveyoung.com/product/detail?prdtNo=GA231121243,https://cdn-image.oliveyoung.com/prdtImg/1323/b9df5c1e-3316-4461-bb8d-13a228a87ed0.jpg?RS=810x810&AR=0&SF=webp&QT=80,,,GA231121243,"[{""shade_name"": ""[SET] 02 Creamy Pink (+Mini Pure Glow Tinit)"", ""shade_image"": ""https://cdn-image.oliveyoung.com/item/1128/3706a777-a87a-43ce-a026-f4a0ff720ee2.jpg?RS=80x80&SF=webp&QT=80""}, {""shade_name"": ""01 Peach Beige"", ""shade_image"": ""https://cdn-image.oliveyoung.com/item/1934/fd2ebdf9-a7b0-4568-bb92-1874bb50f795.jpg?RS=80x80&SF=webp&QT=80""}, {""shade_name"": ""02 Creamy Pink"", ""shade_image"": ""https://cdn-image.oliveyoung.com/item/1951/00b00135-9802-476a-9616-04264844ce7e.jpg?RS=80x80&SF=webp&QT=80""}, {""shade_name"": ""03 Oat Beige"", ""shade_image"": ""https://cdn-image.oliveyoung.com/item/1223/3cb4e2cf-a118-4a95-acc3-f3ef2c6cce1f.jpg?RS=80x80&SF=webp&QT=80""}, {""shade_name"": ""06 Rose Beige"", ""shade_image"": ""https://cdn-image.oliveyoung.com/item/1407/1c5bdb98-99b0-4993-9831-3653614d0b51.jpg?RS=80x80&SF=webp&QT=80""}, {""shade_name"": ""07 Dry Rose"", ""shade_image"": ""https://cdn-image.oliveyoung.com/item/1106/8272f353-ccde-4269-8e7d-fd1d73dbaa6c.jpg?RS=80x80&SF=webp&QT=80""}, {""shade_name"": ""08 Cloudy Mauve"", ""shade_image"": ""https://cdn-image.oliveyoung.com/item/1924/b226fcf4-3625-47b9-ad9b-aacfb5aa94de.jpg?RS=80x80&SF=webp&QT=80""}, {""shade_name"": ""12 Caramel Beige"", ""shade_image"": ""https://cdn-image.oliveyoung.com/item/1014/6ab4a2d1-f579-42d0-8af4-903cb40489f5.jpg?RS=80x80&SF=webp&QT=80""}, {""shade_name"": ""13 Bare Lips"", ""shade_image"": ""https://cdn-image.oliveyoung.com/item/1114/9520ea97-1fc4-442f-9b2c-7e6405514b56.jpg?RS=80x80&SF=webp&QT=80""}, {""shade_name"": ""14 Calm Pink"", ""shade_image"": ""https://cdn-image.oliveyoung.com/item/1105/8b3032c1-7751-444a-90a5-2423d61ad8a8.jpg?RS=80x80&SF=webp&QT=80""}, {""shade_name"": ""15 Mauve Lips"", ""shade_image"": ""https://cdn-image.oliveyoung.com/item/1587/41510fab-7a0e-42b0-97a4-3622f079f87f.jpg?RS=80x80&SF=webp&QT=80""}, {""shade_name"": ""16 Brick Rose"", ""shade_image"": ""https://cdn-image.oliveyoung.com/item/1384/e5838544-1e4d-4fb8-b7ad-84f1cf70c39e.jpg?RS=80x80&SF=webp&QT=80""}, {""shade_name"": ""17 Taupe Beige"", ""shade_image"": ""https://cdn-image.oliveyoung.com/item/1142/9c675699-e1dc-4240-9301-ab70f6d071e1.jpg?RS=80x80&SF=webp&QT=80""}, {""shade_name"": ""18 Fig Rose"", ""shade_image"": ""https://cdn-image.oliveyoung.com/item/1356/9d83d46a-be69-4504-bd42-021f4d80e4c0.jpg?RS=80x80&SF=webp&QT=80""}, {""shade_name"": ""19 Dusty Pink"", ""shade_image"": ""https://cdn-image.oliveyoung.com/item/1356/8d029ee4-17aa-47af-adfe-9e1a267932c2.jpg?RS=80x80&SF=webp&QT=80""}, {""shade_name"": ""20 Salmon Beige"", ""shade_image"": ""https://cdn-image.oliveyoung.com/item/1356/44fc0891-6307-4e31-9b15-26dffb4ec02e.jpg?RS=80x80&SF=webp&QT=80""}, {""shade_name"": ""21 Rosy Lips"", ""shade_image"": ""https://cdn-image.oliveyoung.com/item/1899/8bbc2f15-d85a-4e2f-a871-19a1284dd4d7.jpg?RS=80x80&SF=webp&QT=80""}, {""shade_name"": ""22 Salmon Peach"", ""shade_image"": ""https://cdn-image.oliveyoung.com/item/1605/dc423a15-346c-46bf-a6cf-1d3a660ff8ca.jpg?RS=80x80&SF=webp&QT=80""}, {""shade_name"": ""[SET] 20 Salmon Beige (+Mini Pure Glow Tint)"", ""shade_image"": ""https://cdn-image.oliveyoung.com/item/1993/c991a9ee-3ef0-445b-b81e-41434523df4c.jpg?RS=80x80&SF=webp&QT=80""}, {""shade_name"": ""[SET] 21 Rosy Lips (+One Way Gloy Tint Pink Fairy)"", ""shade_image"": ""https://cdn-image.oliveyoung.com/item/1875/a32d79b2-533e-440c-982e-457ac8fe1819.jpg?RS=80x80&SF=webp&QT=80""}]"
bag,3CE3CE Glazed Lip Glow 3.2g,US$21.30US$25.00,,4.6,,https://global.oliveyoung.com/product/detail?prdtNo=GA250127883,https://cdn-image.oliveyoung.com/prdtImg/1411/b7265fcc-992b-4e80-8a3b-d1db9ca840ef.jpg?RS=810x810&AR=0&SF=webp&QT=80,,,GA250127883,"[{""shade_name"": ""[Set] Lavender Cream (+Keyring)"", ""shade_image"": ""https://cdn-image.oliveyoung.com/item/1428/1781fc60-7824-4942-8b0f-b721846a33a8.jpg?RS=80x80&SF=webp&QT=80""}, {""shade_name"": ""[Set] Rose Glaze (+Keyring)"", ""shade_image"": ""https://cdn-image.oliveyoung.com/item/1926/a57b9fd6-5267-44ab-a66b-e425459d8434.jpg?RS=80x80&SF=webp&QT=80""}, {""shade_name"": ""[Set] Melting S'more (+Keyring)"", ""shade_image"": ""https://cdn-image.oliveyoung.com/item/1049/99281209-6f87-48fb-a125-dfac21f60f87.jpg?RS=80x80&SF=webp&QT=80""}, {""shade_name"": ""[Set] Peachy Filling (+Keyring)"", ""shade_image"": ""https://cdn-image.oliveyoung.com/item/1663/e5c7e14b-f979-4259-b7e7-5d366a86a73b.jpg?RS=80x80&SF=webp&QT=80""}, {""shade_name"": ""Peachy Filling"", ""shade_image"": ""https://cdn-image.oliveyoung.com/item/1352/b57f9069-8e16-4895-b02a-a67a8edb7802.png?RS=80x80&SF=webp&QT=80""}, {""shade_name"": ""Melting S'more"", ""shade_image"": ""https://cdn-image.oliveyoung.com/item/1808/ae2394ed-69aa-4b12-9ab0-5a5a66651093.png?RS=80x80&SF=webp&QT=80""}, {""shade_name"": ""Salty Sweet"", ""shade_image"": ""https://cdn-image.oliveyoung.com/item/1927/029504b1-4694-4ba3-82a4-26cd93ea3bdc.png?RS=80x80&SF=webp&QT=80""}, {""shade_name"": ""Raspberry Coated"", ""shade_image"": ""https://cdn-image.oliveyoung.com/item/1078/3d43ed0c-1e29-427f-b731-5c34a7011c45.png?RS=80x80&SF=webp&QT=80""}, {""shade_name"": ""Double Grape"", ""shade_image"": ""https://cdn-image.oliveyoung.com/item/1270/8894ccfe-dade-42a2-917b-81a8511a605e.png?RS=80x80&SF=webp&QT=80""}, {""shade_name"": ""Pink Tube"", ""shade_image"": ""https://cdn-image.oliveyoung.com/item/1801/062b1d18-d4e2-4bb7-90dd-52522f60b67f.png?RS=80x80&SF=webp&QT=80""}, {""shade_name"": ""Rose Glaze"", ""shade_image"": ""https://cdn-image.oliveyoung.com/item/1702/3f07022d-65d3-4685-849a-351abd041b75.png?RS=80x80&SF=webp&QT=80""}, {""shade_name"": ""Cool Sweetie"", ""shade_image"": ""https://cdn-image.oliveyoung.com/item/1049/2fc4e4db-676d-412a-9200-7c869c0563ea.png?RS=80x80&SF=webp&QT=80""}, {""shade_name"": ""Lavender Cream"", ""shade_image"": ""https://cdn-image.oliveyoung.com/item/1454/d229204c-2201-41c7-b792-e3cea7985922.png?RS=80x80&SF=webp&QT=80""}]"
bag,lilybyredlilybyred Milky Blur Fondue Bar 1.9g,US$12.80US$16.00,,4.5,,https://global.oliveyoung.com/product/detail?prdtNo=GA240925954,https://cdn-image.oliveyoung.com/prdtImg/1562/29d8cfe5-69b4-4660-be77-0815eaa89009.jpg?RS=810x810&AR=0&SF=webp&QT=80,,,GA240925954,"[{""shade_name"": ""[SINGLE] 01 Apricot in Peanut Butter"", ""shade_image"": ""https://cdn-image.oliveyoung.com/item/1978/8d16ff67-d87f-470e-bdf9-386490b58796.jpg?RS=80x80&SF=webp&QT=80""}, {""shade_name"": ""[SINGLE] 02 Strawberry in Whipped Cream"", ""shade_image"": ""https://cdn-image.oliveyoung.com/item/1252/7f7f033d-b1a3-4243-abf5-2b9954a3a8b1.jpg?RS=80x80&SF=webp&QT=80""}, {""shade_name"": ""[SINGLE] 03 Fig in Caramel"", ""shade_image"": ""https://cdn-image.oliveyoung.com/item/1345/44f95471-5a0c-4b04-b43a-73f6a40f1aec.jpg?RS=80x80&SF=webp&QT=80""}, {""shade_name"": ""[SINGLE] 04 Plum in Cream Cheese"", ""shade_image"": ""https://cdn-image.oliveyoung.com/item/1864/307314d3-f7cb-4929-bc43-2ca3ef1165a0.jpg?RS=80x80&SF=webp&QT=80""}, {""shade_name"": ""[SINGLE] 05 Pomegranate in Chocolate"", ""shade_image"": ""https://cdn-image.oliveyoung.com/item/1889/0a9d4504-2a6e-4d25-84cc-19eb1ca8daa3.jpg?RS=80x80&SF=webp&QT=80""}, {""shade_name"": ""[SINGLE] 06 Mulberry in Black Sugar"", ""shade_image"": ""https://cdn-image.oliveyoung.com/item/1656/75287c48-2566-4864-b172-68c48759bb45.jpg?RS=80x80&SF=webp&QT=80""}]"
bag,espoirespoir Nowear Lipstick Balming Glow 3g,US$18.11US$23.00,,4.7,,https://global.oliveyoung.com/product/detail?prdtNo=GA240121731,https://cdn-image.oliveyoung.com/prdtImg/1373/a8e48bb7-723d-495e-b731-60eb8806c45d.jpg?RS=810x810&AR=0&SF=webp&QT=80,,,GA240121731,"[{""shade_name"": ""[SET] 6 New Rose (+Couture Glaze Serenade Mini)"", ""shade_image"": ""https://cdn-image.oliveyoung.com/item/1037/a8da7fe2-203a-441f-9f9b-0b6b14153e8c.jpg?RS=80x80&SF=webp&QT=80""}, {""shade_name"": ""[NEW]15 Peach Dew"", ""shade_image"": ""https://cdn-image.oliveyoung.com/item/1382/29e1bab9-cbba-414d-8c0d-de754adcef10.jpg?RS=80x80&SF=webp&QT=80""}, {""shade_name"": ""[NEW]16 Peach Vibe"", ""shade_image"": ""https://cdn-image.oliveyoung.com/item/1768/7a2ecbf4-40b4-4647-9f3b-fd018bf06493.jpg?RS=80x80&SF=webp&QT=80""}, {""shade_name"": ""01 Vividy"", ""shade_image"": ""https://cdn-image.oliveyoung.com/item/1356/384ac895-42f7-4d29-9d0b-a390046a8932.jpg?RS=80x80&SF=webp&QT=80""}, {""shade_name"": ""02 Berry Core"", ""shade_image"": ""https://cdn-image.oliveyoung.com/item/1877/438a6f23-4ad4-4300-9f55-8da61bae2aad.jpg?RS=80x80&SF=webp&QT=80""}, {""shade_name"": ""03 Cranberry"", ""shade_image"": ""https://cdn-image.oliveyoung.com/item/1398/77c93d0f-4fd9-49cf-97e3-d01f40b5fe2c.jpg?RS=80x80&SF=webp&QT=80""}, {""shade_name"": ""04 Hey Bestie"", ""shade_image"": ""https://cdn-image.oliveyoung.com/item/1919/66b41842-abc2-45ee-ad1e-202da911e2c6.jpg?RS=80x80&SF=webp&QT=80""}, {""shade_name"": ""05 Blueberry"", ""shade_image"": ""https://cdn-image.oliveyoung.com/item/1440/0fc97410-08b3-40ce-be02-e4c66b2b1ebc.jpg?RS=80x80&SF=webp&QT=80""}, {""shade_name"": ""06 New Rose"", ""shade_image"": ""https://cdn-image.oliveyoung.com/item/1961/51a004bb-87e6-479c-80f7-ccc73a6875b5.jpg?RS=80x80&SF=webp&QT=80""}, {""shade_name"": ""07 Ash Maple"", ""shade_image"": ""https://cdn-image.oliveyoung.com/item/1482/caa39615-9d42-4072-bc59-ea6fa7d85c23.jpg?RS=80x80&SF=webp&QT=80""}, {""shade_name"": ""09 Persimon"", ""shade_image"": ""https://cdn-image.oliveyoung.com/item/1524/f7ec6ccb-b872-4702-83f9-8364566bff49.jpg?RS=80x80&SF=webp&QT=80""}, {""shade_name"": ""10 Peach Rise"", ""shade_image"": ""https://cdn-image.oliveyoung.com/item/1234/5bbd88ef-28fd-43c1-8614-5da3f01089df.jpg?RS=80x80&SF=webp&QT=80""}, {""shade_name"": ""11 Graphy"", ""shade_image"": ""https://cdn-image.oliveyoung.com/item/1755/ea5692c1-a22a-4a1f-af6a-32ca04a4e109.jpg?RS=80x80&SF=webp&QT=80""}]"
bag,Lakalaka Bonding Glow Lipstick 3.7g,US$12.80US$16.00,,4.6,,https://global.oliveyoung.com/product/detail?prdtNo=GA250329217,https://cdn-image.oliveyoung.com/prdtImg/1864/48ac9e23-b67b-40ad-a225-7a4cd5e22ec6.jpg?RS=810x810&AR=0&SF=webp&QT=80,,,GA250329217,"[{""shade_name"": ""201 Miro"", ""shade_image"": ""https://cdn-image.oliveyoung.com/item/1638/f4a96dce-5687-41c1-a864-8b5844fbcb9b.jpg?RS=80x80&SF=webp&QT=80""}, {""shade_name"": ""202 Boy"", ""shade_image"": ""https://cdn-image.oliveyoung.com/item/1922/8f1756f6-715e-40c9-9d2d-7927110c2b5b.jpg?RS=80x80&SF=webp&QT=80""}, {""shade_name"": ""203 Mark"", ""shade_image"": ""https://cdn-image.oliveyoung.com/item/1342/637e198a-345a-416c-bfa8-ce7c2a082050.jpg?RS=80x80&SF=webp&QT=80""}, {""shade_name"": ""204 Have"", ""shade_image"": ""https://cdn-image.oliveyoung.com/item/1957/0eb76c09-368a-4013-88a3-b05fdffaf1c3.jpg?RS=80x80&SF=webp&QT=80""}, {""shade_name"": ""205 Mulled"", ""shade_image"": ""https://cdn-image.oliveyoung.com/item/1327/3865e576-8c4a-47c8-b838-01c495b2ab9a.jpg?RS=80x80&SF=webp&QT=80""}, {""shade_name"": ""206 Lili"", ""shade_image"": ""https://cdn-image.oliveyoung.com/item/1682/35f6a7d2-ddb0-4043-9d94-436fc23e9b8a.jpg?RS=80x80&SF=webp&QT=80""}, {""shade_name"": ""207 Depth"", ""shade_image"": ""https://cdn-image.oliveyoung.com/item/1926/495c97a5-1caf-4ba4-9372-5baa8be0f8e3.jpg?RS=80x80&SF=webp&QT=80""}, {""shade_name"": ""208 Posh"", ""shade_image"": ""https://cdn-image.oliveyoung.com/item/1672/ddbc8ebb-a3e2-4bd5-89ed-c127f0e1d68a.jpg?RS=80x80&SF=webp&QT=80""}, {""shade_name"": ""209 Near"", ""shade_image"": ""https://cdn-image.oliveyoung.com/item/1903/a35360db-7bfc-4352-aabd-d5b1c5b1982a.jpg?RS=80x80&SF=webp&QT=80""}, {""shade_name"": ""210 Harry"", ""shade_image"": ""https://cdn-image.oliveyoung.com/item/1186/95e239f7-6e3e-4ba3-a108-47a416212ab5.jpg?RS=80x80&SF=webp&QT=80""}, {""shade_name"": ""211 Eve"", ""shade_image"": ""https://cdn-image.oliveyoung.com/item/1176/1a30cc06-bf1a-41af-8a20-233a83186ea6.jpg?RS=80x80&SF=webp&QT=80""}, {""shade_name"": ""212 Papaya"", ""shade_image"": ""https://cdn-image.oliveyoung.com/item/1750/55f41e8a-72c5-425a-98dc-267549686cc4.jpg?RS=80x80&SF=webp&QT=80""}, {""shade_name"": ""213 Jeff"", ""shade_image"": ""https://cdn-image.oliveyoung.com/item/1699/bcd3a445-c8fd-4b3f-9763-6e7016589715.jpg?RS=80x80&SF=webp&QT=80""}, {""shade_name"": ""214 Mingo"", ""shade_image"": ""https://cdn-image.oliveyoung.com/item/1915/6cd50986-d2ca-4285-9843-ccadfd38814b.jpg?RS=80x80&SF=webp&QT=80""}, {""shade_name"": ""215 Lenna"", ""shade_image"": ""https://cdn-image.oliveyoung.com/item/1324/75044f4e-0a47-4fe6-9711-f625e1380e18.jpg?RS=80x80&SF=webp&QT=80""}, {""shade_name"": ""216 Winter"", ""shade_image"": ""https://cdn-image.oliveyoung.com/item/1426/15c15382-7936-4e74-9ff2-71c0e845e533.jpg?RS=80x80&SF=webp&QT=80""}]"
bag,Heart PercentHeart Percent Dote On Mood Lineproof Lip Pencil 0.8g,US$15.30US$18.00,,4.8,,https://global.oliveyoung.com/product/detail?prdtNo=GA250732269,https://cdn-image.oliveyoung.com/prdtImg/1798/fe4b2a11-eb8b-4d10-a4dc-fa0f3e167c9c.jpg?RS=810x810&AR=0&SF=webp&QT=80,,,GA250732269,"[{""shade_name"": ""[SET] 03 Rose Cotton (+Lip Pointing Tint Mini Fig Latte)"", ""shade_image"": ""https://cdn-image.oliveyoung.com/item/1855/96d1da2d-63d7-4197-863e-6cbc544d77ec.jpg?RS=80x80&SF=webp&QT=80""}, {""shade_name"": ""[SET] 05 Neutral Gray (Lip Pointing Tint Mini Moody Grape)"", ""shade_image"": ""https://cdn-image.oliveyoung.com/item/1014/2c340a49-53f5-4f65-909b-295e15f7e335.jpg?RS=80x80&SF=webp&QT=80""}, {""shade_name"": ""01 Nudy Beige"", ""shade_image"": ""https://cdn-image.oliveyoung.com/item/1333/dde4df3c-0d1d-4e0d-a323-acc311e20d26.png?RS=80x80&SF=webp&QT=80""}, {""shade_name"": ""02 Pink Mousse"", ""shade_image"": ""https://cdn-image.oliveyoung.com/item/1173/ad915d9f-0b6f-450c-a6a5-384b87e526d8.png?RS=80x80&SF=webp&QT=80""}, {""shade_name"": ""03 Rose Cotton"", ""shade_image"": ""https://cdn-image.oliveyoung.com/item/1901/97230373-d88f-4806-bfa6-b1458ee9119d.png?RS=80x80&SF=webp&QT=80""}, {""shade_name"": ""04 Cozy Pink"", ""shade_image"": ""https://cdn-image.oliveyoung.com/item/1728/8377fb2b-fece-4577-a7d0-9f78a49edf28.png?RS=80x80&SF=webp&QT=80""}, {""shade_name"": ""05 Neutral Gray"", ""shade_image"": ""https://cdn-image.oliveyoung.com/item/1913/c5bcf7b1-795a-4cbf-9797-2280607aeab8.png?RS=80x80&SF=webp&QT=80""}, {""shade_name"": ""06 Mute Peach"", ""shade_image"": ""https://cdn-image.oliveyoung.com/item/1773/133764dd-1a0e-4954-9bfc-73e16ee2e5ca.png?RS=80x80&SF=webp&QT=80""}]"
bag,BANILA COBANILA CO Smudging Lip Pencil 0.8g,US$12.00US$15.00,,4.7,,https://global.oliveyoung.com/product/detail?prdtNo=GA230619321,https://cdn-image.oliveyoung.com/prdtImg/1667/c5a7d1be-9803-40c0-8a4c-ea056cbb59b0.jpg?RS=810x810&AR=0&SF=webp&QT=80,,,GA230619321,"[{""shade_name"": ""CR01 Coral Choux"", ""shade_image"": ""https://cdn-image.oliveyoung.com/item/1057/a4c2b0c4-1fa5-44c6-b362-a8569c52bb86.jpg?RS=80x80&SF=webp&QT=80""}, {""shade_name"": ""BE02 Nude Beige"", ""shade_image"": ""https://cdn-image.oliveyoung.com/item/1241/c49a5166-9273-4654-bc1b-abbd657d675c.jpg?RS=80x80&SF=webp&QT=80""}, {""shade_name"": ""PK02 Pink Choux"", ""shade_image"": ""https://cdn-image.oliveyoung.com/item/1984/0a48fb95-9557-4a50-8e80-acdf47968ea3.jpg?RS=80x80&SF=webp&QT=80""}, {""shade_name"": ""PK01 Nude Rose"", ""shade_image"": ""https://cdn-image.oliveyoung.com/item/1686/b3563e21-bc2f-402d-930a-916a9d6f6b95.jpg?RS=80x80&SF=webp&QT=80""}, {""shade_name"": ""BE03 Salmon Nude"", ""shade_image"": ""https://cdn-image.oliveyoung.com/item/1795/3c5149fc-2aaf-49c2-990d-dc7d01ef6e18.jpg?RS=80x80&SF=webp&QT=80""}, {""shade_name"": ""PK03 Ballerina"", ""shade_image"": ""https://cdn-image.oliveyoung.com/item/1795/52f3de3d-a5a6-448b-bc6b-0302383b70e1.jpg?RS=80x80&SF=webp&QT=80""}]"
bag,colorgram[NEW] colorgram All in One Over-Lip Maker 2 Types,US$8.97US$10.00,,4.5,,https://global.oliveyoung.com/product/detail?prdtNo=GA230117266,https://cdn-image.oliveyoung.com/prdtImg/1767/5cbb8179-5731-43e1-8680-94986991ea62.jpg?RS=810x810&AR=0&SF=webp&QT=80,,,GA230117266,"[{""shade_name"": ""[Single] #01 Warm Peach"", ""shade_image"": ""https://cdn-image.oliveyoung.com/item/1498/b0c9d950-f831-4871-a3ab-3f6092d61f83.jpg?RS=80x80&SF=webp&QT=80""}, {""shade_name"": ""[Single] #02 Cool Pink"", ""shade_image"": ""https://cdn-image.oliveyoung.com/item/1691/041f527f-0319-4974-ab42-33b7a0640d2e.jpg?RS=80x80&SF=webp&QT=80""}, {""shade_name"": ""[Single] #05 Cool Rose"", ""shade_image"": ""https://cdn-image.oliveyoung.com/item/1688/41bbba35-db77-4b6e-ae56-1d3da3241267.jpg?RS=80x80&SF=webp&QT=80""}, {""shade_name"": ""[Single] #03 Nudy Peach"", ""shade_image"": ""https://cdn-image.oliveyoung.com/item/1398/e0897e89-85fa-4508-a789-9f3527e4d443.jpg?RS=80x80&SF=webp&QT=80""}, {""shade_name"": ""[Single] #04 Soft Pink"", ""shade_image"": ""https://cdn-image.oliveyoung.com/item/1919/1c57d2c7-6fe4-47d5-b22a-e98be36b0007.jpg?RS=80x80&SF=webp&QT=80""}, {""shade_name"": ""[Set]#01 Warm Peach (+Over Lip Smudge Brush)"", ""shade_image"": ""https://cdn-image.oliveyoung.com/item/1604/c284a938-6c6c-451d-828a-f193b6bae0bb.jpg?RS=80x80&SF=webp&QT=80""}, {""shade_name"": ""[Single] #06 Nudie Rose"", ""shade_image"": ""https://cdn-image.oliveyoung.com/item/1356/d77f966f-a975-4ca1-ae15-0ea74853942e.jpg?RS=80x80&SF=webp&QT=80""}]"
bag,BANILA COBANILA CO Cover Lip Base 1.7g,US$12.00US$15.00,,4.2,,https://global.oliveyoung.com/product/detail?prdtNo=GA250128011,https://dist.oliveyoung.com/fo/c467fea223/resources/images/common/load.png,,,GA250128011,"[{""shade_name"": ""[SET] Soft Salmon (+Dew Tint Mini)"", ""shade_image"": ""https://cdn-image.oliveyoung.com/item/1356/28bbb5b7-42cc-4906-b0bc-fdc10810415d.jpg?RS=80x80&SF=webp&QT=80""}, {""shade_name"": ""[SET] Soft Pink (+Dew Tint Mini)"", ""shade_image"": ""https://cdn-image.oliveyoung.com/item/1398/dcef5739-97f9-4437-a1b2-4dfd2e5bf426.jpg?RS=80x80&SF=webp&QT=80""}, {""shade_name"": ""[SET] Full Gray (+Dew Tint Mini)"", ""shade_image"": ""https://cdn-image.oliveyoung.com/item/1440/37744505-a7d4-4ba3-9d94-0491a56401e3.jpg?RS=80x80&SF=webp&QT=80""}, {""shade_name"": ""[SET] Full Beige (+Dew Tint Mini)"", ""shade_image"": ""https://cdn-image.oliveyoung.com/item/1482/0186aa76-54d9-40ba-aaeb-3d97f9a3b82e.jpg?RS=80x80&SF=webp&QT=80""}, {""shade_name"": ""Soft Salmon (W, Beginner)"", ""shade_image"": ""https://cdn-image.oliveyoung.com/item/1598/39654ef1-7296-4aa8-9a40-3c23b3764a40.jpg?RS=80x80&SF=webp&QT=80""}, {""shade_name"": ""Soft Pink (C, Beginner)"", ""shade_image"": ""https://cdn-image.oliveyoung.com/item/1573/f2590dc8-166b-4553-94d3-db23f947745f.jpg?RS=80x80&SF=webp&QT=80""}, {""shade_name"": ""Full Gray (C, Skilled)"", ""shade_image"": ""https://cdn-image.oliveyoung.com/item/1252/3ad4c208-7ff4-45d9-8833-c65cceb0c0b1.jpg?RS=80x80&SF=webp&QT=80""}, {""shade_name"": ""Full Beige (W, Skilled)"", ""shade_image"": ""https://cdn-image.oliveyoung.com/item/1934/3ed35941-6f9c-431b-9f19-70b931b0b9d9.jpg?RS=80x80&SF=webp&QT=80""}, {""shade_name"": ""Full Skin"", ""shade_image"": ""https://cdn-image.oliveyoung.com/item/1637/8a2e7c16-367e-4b46-a994-878fd3f306d8.jpg?RS=80x80&SF=webp&QT=80""}, {""shade_name"": ""Soft Pale"", ""shade_image"": ""https://cdn-image.oliveyoung.com/item/1087/f2bdf5ba-cd75-4748-932b-c8886bc7e985.jpg?RS=80x80&SF=webp&QT=80""}]"
bag,WAKEMAKE[Squid Game OYG Pick] WAKEMAKE Sheer Blurring Matte Stick,US$15.20US$19.00,,4.5,,https://global.oliveyoung.com/product/detail?prdtNo=GA241227603,https://dist.oliveyoung.com/fo/c467fea223/resources/images/common/load.png,,,GA241227603,"[{""shade_name"": ""[SET] 08 Hush Now (+Brush) [Squid Game OYG Pick]"", ""shade_image"": ""https://cdn-image.oliveyoung.com/item/1288/8b5b2ef2-471a-4652-a2d1-c719a038bee1.jpg?RS=80x80&SF=webp&QT=80""}, {""shade_name"": ""[SET] 09 Sand Play (+Brush) [Squid Game OYG Pick]"", ""shade_image"": ""https://cdn-image.oliveyoung.com/item/1993/9393e095-4086-433c-afe2-969d3c175825.jpg?RS=80x80&SF=webp&QT=80""}]"
bag,lilybyredlilybyred Smiley Lip Blending Stick 0.8g,US$14.00,,4.6,,https://global.oliveyoung.com/product/detail?prdtNo=GA230619319,https://cdn-image.oliveyoung.com/prdtImg/1602/de0592c1-d288-465d-bbf4-93d0c557fe3b.jpg?RS=810x810&AR=0&SF=webp&QT=80,,,GA230619319,"[{""shade_name"": ""01 Grin with me"", ""shade_image"": ""https://cdn-image.oliveyoung.com/item/1317/69f34b5b-5701-475a-9d11-dc8815892295.jpg?RS=80x80&SF=webp&QT=80""}, {""shade_name"": ""04 Giggle with me"", ""shade_image"": ""https://cdn-image.oliveyoung.com/item/1024/1c0eb69f-06f8-4f46-a526-abf11923870e.jpg?RS=80x80&SF=webp&QT=80""}, {""shade_name"": ""02 Laugh with me"", ""shade_image"": ""https://cdn-image.oliveyoung.com/item/1073/e854d596-e98d-4524-a1dd-3eca97f50778.jpg?RS=80x80&SF=webp&QT=80""}, {""shade_name"": ""03 Be happy with me"", ""shade_image"": ""https://cdn-image.oliveyoung.com/item/1344/df18d8ee-a220-4d0b-8289-93496be11da0.jpg?RS=80x80&SF=webp&QT=80""}, {""shade_name"": ""05 Smile with me"", ""shade_image"": ""https://cdn-image.oliveyoung.com/item/1674/e7f4a2c1-0eb6-4644-b9d5-48bd81059f89.jpg?RS=80x80&SF=webp&QT=80""}, {""shade_name"": ""06 Chuckle with me"", ""shade_image"": ""https://cdn-image.oliveyoung.com/item/1209/3ce4ef1a-1fea-473a-a724-2596a3eda702.jpg?RS=80x80&SF=webp&QT=80""}]"
bag,NATURE REPUBLICNATURE REPUBLIC Honey Melting Lip 2.7g,US$14.00,,4.6,,https://global.oliveyoung.com/product/detail?prdtNo=GA240222162,https://cdn-image.oliveyoung.com/prdtImg/1558/5fa95248-6aa1-4221-a93e-35ef2f9a079e.jpg?RS=810x810&AR=0&SF=webp&QT=80,,,GA240222162,"[{""shade_name"": ""#01 APRICOT"", ""shade_image"": ""https://cdn-image.oliveyoung.com/item/1579/12be6423-f831-4fa0-88cc-9fdb2d177ab1.jpg?RS=80x80&SF=webp&QT=80""}, {""shade_name"": ""#02 FIG"", ""shade_image"": ""https://cdn-image.oliveyoung.com/item/1345/5be8facb-1fc8-46bd-9340-c88ad9a14af5.jpg?RS=80x80&SF=webp&QT=80""}, {""shade_name"": ""#03 BERRY"", ""shade_image"": ""https://cdn-image.oliveyoung.com/item/1656/dc6c38af-3562-4d57-9e38-86ed75737a08.jpg?RS=80x80&SF=webp&QT=80""}, {""shade_name"": ""#04 POMEGRANATE"", ""shade_image"": ""https://cdn-image.oliveyoung.com/item/1611/660bae38-f134-4fcc-a386-ff7446062d4b.jpg?RS=80x80&SF=webp&QT=80""}, {""shade_name"": ""#05 PLUM"", ""shade_image"": ""https://cdn-image.oliveyoung.com/item/1206/e0a3239d-1d68-479a-bc47-d5fa763bfd3a.jpg?RS=80x80&SF=webp&QT=80""}, {""shade_name"": ""#06 COCONUT"", ""shade_image"": ""https://cdn-image.oliveyoung.com/item/1088/fa945f30-e169-4d8f-b5ce-c3e77c01efa8.jpg?RS=80x80&SF=webp&QT=80""}, {""shade_name"": ""#07 LYCHEE"", ""shade_image"": ""https://cdn-image.oliveyoung.com/item/1258/1169e577-4826-4fbc-8f97-b212a044c63a.jpg?RS=80x80&SF=webp&QT=80""}, {""shade_name"": ""#08 BLACK CHERRY"", ""shade_image"": ""https://cdn-image.oliveyoung.com/item/1204/e7b0705f-5bc1-4bf0-9fa6-4b899aa387eb.jpg?RS=80x80&SF=webp&QT=80""}, {""shade_name"": ""#09 GRAPE"", ""shade_image"": ""https://cdn-image.oliveyoung.com/item/1563/b7cc034c-2ae8-432c-9431-b1db50f57f2a.jpg?RS=80x80&SF=webp&QT=80""}, {""shade_name"": ""#10 PEACH"", ""shade_image"": ""https://cdn-image.oliveyoung.com/item/1401/905b17f8-5b28-4233-966c-0f288bdeb295.jpg?RS=80x80&SF=webp&QT=80""}, {""shade_name"": ""#11 TINT PLUMPING"", ""shade_image"": ""https://cdn-image.oliveyoung.com/item/1521/d006237e-68da-4d08-bb89-720f13f9f4e6.jpg?RS=80x80&SF=webp&QT=80""}, {""shade_name"": ""#12 MOOD PLUMPING"", ""shade_image"": ""https://cdn-image.oliveyoung.com/item/1657/188db1a0-ace5-4598-a704-bb609d7d19c0.jpg?RS=80x80&SF=webp&QT=80""}, {""shade_name"": ""#14 Maple Glitter"", ""shade_image"": ""https://cdn-image.oliveyoung.com/item/1356/768bc8df-3b0f-4c07-8370-871f61c799b4.jpg?RS=80x80&SF=webp&QT=80""}, {""shade_name"": ""#13 Aurora Gliter"", ""shade_image"": ""https://cdn-image.oliveyoung.com/item/1877/f9227fd4-21a8-4217-aa2b-88efbd8caf7c.jpg?RS=80x80&SF=webp&QT=80""}, {""shade_name"": ""#15 Crystal Sparkle"", ""shade_image"": ""https://cdn-image.oliveyoung.com/item/1356/bb52d6b6-6cb7-4973-8220-2d153ce664dc.jpg?RS=80x80&SF=webp&QT=80""}, {""shade_name"": ""#16 Midnight Sparkle"", ""shade_image"": ""https://cdn-image.oliveyoung.com/item/1398/c3980c73-1736-4673-a628-5cf5dd4a379a.jpg?RS=80x80&SF=webp&QT=80""}]"
bag,periperaperipera Heart Jam Glow Lip,US$6.00US$12.00,,4.5,,https://global.oliveyoung.com/product/detail?prdtNo=GA230920567,https://cdn-image.oliveyoung.com/prdtImg/1245/bbc03b08-966d-47da-8686-35b0c293dd2c.jpg?RS=810x810&AR=0&SF=webp&QT=80,,,GA230920567,"[{""shade_name"": ""02 Berry Milk Tea"", ""shade_image"": ""https://cdn-image.oliveyoung.com/item/1877/de30f118-b06b-48b8-af3f-86339d00ac65.jpg?RS=80x80&SF=webp&QT=80""}, {""shade_name"": ""03 Grapefruit Crush"", ""shade_image"": ""https://cdn-image.oliveyoung.com/item/1398/8649a12d-7b02-4be0-b842-6391adb00ba6.jpg?RS=80x80&SF=webp&QT=80""}, {""shade_name"": ""04 Honey Nut"", ""shade_image"": ""https://cdn-image.oliveyoung.com/item/1919/b92aabdc-28a2-4c96-ad64-9a37a2709269.jpg?RS=80x80&SF=webp&QT=80""}, {""shade_name"": ""05 Berry Coke"", ""shade_image"": ""https://cdn-image.oliveyoung.com/item/1440/380b975d-a2b4-445c-a92c-6fe74c7c2974.jpg?RS=80x80&SF=webp&QT=80""}]"
bag,atheathe Glazm Lip Balm Stick 3.5g,US$14.50US$29.00,,4.5,,https://global.oliveyoung.com/product/detail?prdtNo=GA230920443,https://cdn-image.oliveyoung.com/prdtImg/1505/8e40e338-67d3-489b-a2f3-9379849d0523.jpg?RS=810x810&AR=0&SF=webp&QT=80,,,GA230920443,"[{""shade_name"": ""04 Individual"", ""shade_image"": ""https://cdn-image.oliveyoung.com/item/1366/68a7705e-52ea-4d66-9f58-7da9b3cdc557.jpg?RS=80x80&SF=webp&QT=80""}, {""shade_name"": ""03 Attention"", ""shade_image"": ""https://cdn-image.oliveyoung.com/item/1777/207e04ea-51c5-4933-92cb-496188a10f1c.jpg?RS=80x80&SF=webp&QT=80""}, {""shade_name"": ""01 PIC Me"", ""shade_image"": ""https://cdn-image.oliveyoung.com/item/1981/ad582dc7-6d6f-43b5-a788-7793b5a6035c.jpg?RS=80x80&SF=webp&QT=80""}]"
bag,VaselineVaseline Lip Therapy Original Care Stick 4.8g,US$3.45US$5.00,,5.0,,https://global.oliveyoung.com/product/detail?prdtNo=GA250228915,https://cdn-image.oliveyoung.com/prdtImg/1485/d42d6152-e9cd-42de-951e-d604532ddf49.jpg?RS=810x810&AR=0&SF=webp&QT=80,,,GA250228915,[]
bag,VaselineVaseline Lip Therapy Aloe Care Stick 4.8g,US$5.00,,5.0,,https://global.oliveyoung.com/product/detail?prdtNo=GA250228913,https://cdn-image.oliveyoung.com/prdtImg/1441/fff51086-06ae-4caf-ac82-0d374f7becce.jpg?RS=810x810&AR=0&SF=webp&QT=80,,,GA250228913,[]
bag,VaselineVaseline Lip Therapy Rosy Lips Care Stick 4.8g,US$5.00,,4.5,,https://global.oliveyoung.com/product/detail?prdtNo=GA250228912,https://cdn-image.oliveyoung.com/prdtImg/1978/9b9ccb30-225e-4e5e-8ecf-8bd30c957779.jpg?RS=810x810&AR=0&SF=webp&QT=80,,,GA250228912,[]
bag,SKINFOODSKINFOOD Avocado Stick Lip Balm #01 Rich 3.4g,US$9.00,,4.6,,https://global.oliveyoung.com/product/detail?prdtNo=GA230920556,https://cdn-image.oliveyoung.com/prdtImg/1511/1a575413-4cec-49b9-89bb-7c13940c0cf3.jpg?RS=810x810&AR=0&SF=webp&QT=80,,,GA230920556,[]
bag,3CE3CE Soft Matte Lip Stick (Pure Pairing Edition),US$22.00,,4.0,,https://global.oliveyoung.com/product/detail?prdtNo=GA230619244,https://dist.oliveyoung.com/fo/c467fea223/resources/images/common/load.png,,,GA230619244,"[{""shade_name"": ""BETTER MOOD"", ""shade_image"": ""https://cdn-image.oliveyoung.com/item/1067/c90897f0-f0c8-451f-8ab1-007cf97f9ad7.png?RS=80x80&SF=webp&QT=80""}]"
bag,All My ThingsAll My Things True Beauty Glow Lip Flash,US$22.00,,5.0,,https://global.oliveyoung.com/product/detail?prdtNo=GA250732044,https://dist.oliveyoung.com/fo/c467fea223/resources/images/common/load.png,,,GA250732044,"[{""shade_name"": ""01 Forever Young"", ""shade_image"": ""https://cdn-image.oliveyoung.com/item/1954/49a59b09-f951-4c0b-b479-c310fef4a3f2.png?RS=80x80&SF=webp&QT=80""}, {""shade_name"": ""02 Day Light"", ""shade_image"": ""https://cdn-image.oliveyoung.com/item/1508/51b8103b-22be-4493-960d-f56d4c1d829c.png?RS=80x80&SF=webp&QT=80""}, {""shade_name"": ""03 Butter Peach"", ""shade_image"": ""https://cdn-image.oliveyoung.com/item/1656/b37621cd-2b91-4eea-9f2b-0815c87501c7.png?RS=80x80&SF=webp&QT=80""}, {""shade_name"": ""04 Nude Grape"", ""shade_image"": ""https://cdn-image.oliveyoung.com/item/1340/654e4136-48f6-4eb7-9ddd-c97300361ca7.png?RS=80x80&SF=webp&QT=80""}, {""shade_name"": ""05 Adrenalin"", ""shade_image"": ""https://cdn-image.oliveyoung.com/item/1237/1d164bc1-cddb-4c7c-a8f7-1733b5afb802.png?RS=80x80&SF=webp&QT=80""}, {""shade_name"": ""06 Barbie Pink"", ""shade_image"": ""https://cdn-image.oliveyoung.com/item/1720/df0f1c08-2373-4bc3-bd3d-e5bb5fa6fb21.png?RS=80x80&SF=webp&QT=80""}]"
bag,TWOSLASHFOURTWO SLASH FOUR Sculpt Lip Shaper 0.36g,US$24.70US$26.00,,4.4,,https://global.oliveyoung.com/product/detail?prdtNo=GA250631330,https://cdn-image.oliveyoung.com/prdtImg/1220/db9b203f-dae2-4127-b95b-b09765e92079.jpg?RS=810x810&AR=0&SF=webp&QT=80,,,GA250631330,"[{""shade_name"": ""In Salmon"", ""shade_image"": ""https://cdn-image.oliveyoung.com/item/1449/4cde22b0-78ac-4eeb-acc0-3c8738cdb0aa.jpg?RS=80x80&SF=webp&QT=80""}, {""shade_name"": ""Out Rosy"", ""shade_image"": ""https://cdn-image.oliveyoung.com/item/1105/fda4a9f3-7943-4242-83f3-54624a975d61.jpg?RS=80x80&SF=webp&QT=80""}, {""shade_name"": ""Out Teddy"", ""shade_image"": ""https://cdn-image.oliveyoung.com/item/1849/5c6c7cfa-3bff-464f-bf56-53f22fcf843a.jpg?RS=80x80&SF=webp&QT=80""}, {""shade_name"": ""Out Taupe"", ""shade_image"": ""https://cdn-image.oliveyoung.com/item/1435/cc9c3e0f-006c-4c05-8b10-d5a27f6e4fcd.jpg?RS=80x80&SF=webp&QT=80""}]"
bag,All My ThingsAll My Things True Beauty Designing Lip Pencil,US$14.63US$18.00,,,,https://global.oliveyoung.com/product/detail?prdtNo=GA250631284,https://cdn-image.oliveyoung.com/prdtImg/1102/c9e9e6a0-c3ca-416d-891c-45590bc2d764.jpg?RS=810x810&AR=0&SF=webp&QT=80,,,GA250631284,"[{""shade_name"": ""105 Ballerina"", ""shade_image"": ""https://cdn-image.oliveyoung.com/item/1435/440dd5e7-df6a-4b67-ae27-5374768666f2.png?RS=80x80&SF=webp&QT=80""}, {""shade_name"": ""128 Candy"", ""shade_image"": ""https://cdn-image.oliveyoung.com/item/1322/ebe64d2d-94e8-4f21-8f60-1f9eae277eb6.png?RS=80x80&SF=webp&QT=80""}, {""shade_name"": ""312 Bubble Gum"", ""shade_image"": ""https://cdn-image.oliveyoung.com/item/1591/b6593fc2-75c5-4b77-ba86-450fee65c490.png?RS=80x80&SF=webp&QT=80""}, {""shade_name"": ""704 Rosewood"", ""shade_image"": ""https://cdn-image.oliveyoung.com/item/1034/6c22483a-e751-4e22-8f5b-9ef343a7a30d.png?RS=80x80&SF=webp&QT=80""}]"
bag,WAKEMAKEWAKEMAKE Healthy Glow Balm Stick,US$15.20US$19.00,,4.8,,https://global.oliveyoung.com/product/detail?prdtNo=GA250531153,https://cdn-image.oliveyoung.com/prdtImg/1319/de20e094-a282-41e6-af48-e11ca0e439ab.jpg?RS=810x810&AR=0&SF=webp&QT=80,,,GA250531153,"[{""shade_name"": ""01 Peach Shower"", ""shade_image"": ""https://cdn-image.oliveyoung.com/item/1736/c7de77c0-c8eb-4253-8814-07e694474448.jpg?RS=80x80&SF=webp&QT=80""}, {""shade_name"": ""02 Sweet Chat"", ""shade_image"": ""https://cdn-image.oliveyoung.com/item/1332/4c061e6b-b6b6-4b66-ac87-9e589679d316.jpg?RS=80x80&SF=webp&QT=80""}, {""shade_name"": ""03 Apple Fizz"", ""shade_image"": ""https://cdn-image.oliveyoung.com/item/1964/e9d39539-af45-4a98-b244-3394bf292b13.jpg?RS=80x80&SF=webp&QT=80""}, {""shade_name"": ""04 Almond Nude"", ""shade_image"": ""https://cdn-image.oliveyoung.com/item/1979/24b68070-57c6-473c-a8b3-2f11c0dba6dd.jpg?RS=80x80&SF=webp&QT=80""}, {""shade_name"": ""05 Rosy Nap"", ""shade_image"": ""https://cdn-image.oliveyoung.com/item/1071/23b4ba92-6aef-45c2-b211-b86bbbf5eb11.jpg?RS=80x80&SF=webp&QT=80""}, {""shade_name"": ""06 Mudy Pink"", ""shade_image"": ""https://cdn-image.oliveyoung.com/item/1777/2f926c3c-4a27-4e9b-b2c0-d26ed0eeb67f.jpg?RS=80x80&SF=webp&QT=80""}, {""shade_name"": ""07 Berry Flush"", ""shade_image"": ""https://cdn-image.oliveyoung.com/item/1948/aec73e4b-b5ae-4fed-b1fa-7f5a763ca093.jpg?RS=80x80&SF=webp&QT=80""}, {""shade_name"": ""08 Fresh Pink"", ""shade_image"": ""https://cdn-image.oliveyoung.com/item/1710/aa2c0896-e054-45b2-bf02-3bf8fee79b6b.jpg?RS=80x80&SF=webp&QT=80""}, {""shade_name"": ""09 Mauve Breath"", ""shade_image"": ""https://cdn-image.oliveyoung.com/item/1896/4b4c8f5d-93a3-4802-8142-a51c93da7a3f.jpg?RS=80x80&SF=webp&QT=80""}, {""shade_name"": ""10 Fig Red"", ""shade_image"": ""https://cdn-image.oliveyoung.com/item/1269/b47f48a7-c4ae-49cb-9fc5-f27e2a86388c.jpg?RS=80x80&SF=webp&QT=80""}, {""shade_name"": ""11 Sunny Coral"", ""shade_image"": ""https://cdn-image.oliveyoung.com/item/1270/38a4301d-4b88-40af-9444-a3ec0e37e5cc.jpg?RS=80x80&SF=webp&QT=80""}]"
bag,CLIO[TOY STORY] CLIO VELVET LIP PENCIL SET (+Sharpener),US$13.00,,4.6,,https://global.oliveyoung.com/product/detail?prdtNo=GA250531121,https://cdn-image.oliveyoung.com/prdtImg/1356/32319dcb-2442-472f-9f08-7862be386c03.jpg?RS=810x810&AR=0&SF=webp&QT=80,,,GA250531121,"[{""shade_name"": ""[SET] 007 Fig Brick (+Sharpener)"", ""shade_image"": ""https://cdn-image.oliveyoung.com/item/1369/8c4e83be-7548-4307-b5a5-34d82973b0d7.jpg?RS=80x80&SF=webp&QT=80""}, {""shade_name"": ""[SET] 008 Mood Shade (+Sharpener)"", ""shade_image"": ""https://cdn-image.oliveyoung.com/item/1781/77442f76-aa2a-4f7a-ac7c-32d7c7adfbee.jpg?RS=80x80&SF=webp&QT=80""}]"
bag,VDLVDL Lipstain Essential Over Liner 0.35g,US$11.90US$17.00,,4.4,,https://global.oliveyoung.com/product/detail?prdtNo=GA250530924,https://cdn-image.oliveyoung.com/prdtImg/1290/6e22f4c6-357e-4236-8456-6685614ef6ec.jpg?RS=810x810&AR=0&SF=webp&QT=80,,,GA250530924,"[{""shade_name"": ""01 Soft Beige"", ""shade_image"": ""https://cdn-image.oliveyoung.com/item/1013/9a167f86-9222-440b-81c5-9c740da27abf.jpg?RS=80x80&SF=webp&QT=80""}, {""shade_name"": ""02 Peony Beige"", ""shade_image"": ""https://cdn-image.oliveyoung.com/item/1552/63412bf7-e6e6-4288-ad22-f3eb6b85f081.jpg?RS=80x80&SF=webp&QT=80""}, {""shade_name"": ""03 Ginger Beige"", ""shade_image"": ""https://cdn-image.oliveyoung.com/item/1590/4b15bb6a-a522-4462-855e-82fc8beef0ac.jpg?RS=80x80&SF=webp&QT=80""}]"
bag,espoir[DISNEY EDITION] espoir Nowear Lipstick Balming Glow 3g,US$18.11US$23.00,,4.7,,https://global.oliveyoung.com/product/detail?prdtNo=GA250530922,https://cdn-image.oliveyoung.com/prdtImg/1141/68339544-eee8-4123-9dd4-7225b635ea97.jpg?RS=810x810&AR=0&SF=webp&QT=80,,,GA250530922,"[{""shade_name"": ""[SET] 06 New Rose (+Mini Tint)"", ""shade_image"": ""https://cdn-image.oliveyoung.com/item/1951/dea7fb8f-5fec-4485-b2b7-461e7fc88859.jpg?RS=80x80&SF=webp&QT=80""}, {""shade_name"": ""[SINGLE] 13 Beet Lilac"", ""shade_image"": ""https://cdn-image.oliveyoung.com/item/1540/b7350c80-d558-4037-a78b-93c9a4e8d9b7.jpg?RS=80x80&SF=webp&QT=80""}, {""shade_name"": ""[SINGLE] 14 Sway Coral"", ""shade_image"": ""https://cdn-image.oliveyoung.com/item/1397/7730a811-e7df-4a13-bf0c-f4bcfe9bb4d4.jpg?RS=80x80&SF=webp&QT=80""}]"
bag,OiadOiad Blur Fixing Lip Pencil 0.5g,US$17.39US$20.00,,4.7,,https://global.oliveyoung.com/product/detail?prdtNo=GA250329275,https://cdn-image.oliveyoung.com/prdtImg/1532/7fc9db53-a6b5-490d-8359-55c60e1d543e.png?RS=810x810&AR=0&SF=webp&QT=80,,,GA250329275,"[{""shade_name"": ""01 BECH"", ""shade_image"": ""https://cdn-image.oliveyoung.com/item/1162/f2944e29-acd2-4844-be33-9283f4d68872.png?RS=80x80&SF=webp&QT=80""}, {""shade_name"": ""04 ROSITA"", ""shade_image"": ""https://cdn-image.oliveyoung.com/item/1299/0bd241d1-7809-4755-a5d1-ef384c3141e9.png?RS=80x80&SF=webp&QT=80""}, {""shade_name"": ""03 BROZE"", ""shade_image"": ""https://cdn-image.oliveyoung.com/item/1644/19660341-321d-4776-9b7b-d1678839095c.png?RS=80x80&SF=webp&QT=80""}, {""shade_name"": ""02 MILKPIN"", ""shade_image"": ""https://cdn-image.oliveyoung.com/item/1454/2f966bb7-dd33-48a6-b2c6-afa5fb2ebbf7.png?RS=80x80&SF=webp&QT=80""}]"
bag,Lakalaka Bulky Matte Lipstick 4g,US$12.80US$16.00,,4.9,,https://global.oliveyoung.com/product/detail?prdtNo=GA250329216,https://cdn-image.oliveyoung.com/prdtImg/1645/9cecf627-2473-47d8-97ca-6f159541c94d.jpg?RS=810x810&AR=0&SF=webp&QT=80,,,GA250329216,"[{""shade_name"": ""401 Low Pink"", ""shade_image"": ""https://cdn-image.oliveyoung.com/item/1729/1e220408-f771-4d65-b552-192fcd28cd98.jpg?RS=80x80&SF=webp&QT=80""}, {""shade_name"": ""410 Bold Berry"", ""shade_image"": ""https://cdn-image.oliveyoung.com/item/1986/9c0432b2-4e83-4010-960f-d37c96a7b841.jpg?RS=80x80&SF=webp&QT=80""}, {""shade_name"": ""409 Mauve Gem"", ""shade_image"": ""https://cdn-image.oliveyoung.com/item/1575/7fefbaa9-c899-45b4-88d5-543e6f37deb3.jpg?RS=80x80&SF=webp&QT=80""}, {""shade_name"": ""408 Bebe Almond"", ""shade_image"": ""https://cdn-image.oliveyoung.com/item/1052/ef5c5f3d-7687-4b35-8d04-f097ef8a8211.jpg?RS=80x80&SF=webp&QT=80""}, {""shade_name"": ""407 Chilli Lock"", ""shade_image"": ""https://cdn-image.oliveyoung.com/item/1301/e9acac27-d722-4f73-9230-a1f74328cffd.jpg?RS=80x80&SF=webp&QT=80""}, {""shade_name"": ""406 New Passion"", ""shade_image"": ""https://cdn-image.oliveyoung.com/item/1759/2c158ffc-4837-4f7e-9194-4fed64e882b0.jpg?RS=80x80&SF=webp&QT=80""}, {""shade_name"": ""405 So Peach"", ""shade_image"": ""https://cdn-image.oliveyoung.com/item/1540/6f32aa74-a931-4dae-bc6b-0d6d7f72f029.jpg?RS=80x80&SF=webp&QT=80""}, {""shade_name"": ""404 Off Salmon"", ""shade_image"": ""https://cdn-image.oliveyoung.com/item/1868/99cdbd03-1c21-49fa-83dd-3514a3ec09a4.jpg?RS=80x80&SF=webp&QT=80""}, {""shade_name"": ""403 Fig Sounds"", ""shade_image"": ""https://cdn-image.oliveyoung.com/item/1740/ca7ed368-2c22-479d-aef0-0bdc8a0f0660.jpg?RS=80x80&SF=webp&QT=80""}, {""shade_name"": ""402 To Rose"", ""shade_image"": ""https://cdn-image.oliveyoung.com/item/1342/01377b96-c01e-4e6e-854d-a748f0c53873.jpg?RS=80x80&SF=webp&QT=80""}]"
bag,TIRTIRTIRTIR waterism glow melting balm,US$12.69US$15.00,,4.3,,https://global.oliveyoung.com/product/detail?prdtNo=GA250229013,https://cdn-image.oliveyoung.com/prdtImg/1315/23c141e5-9ce4-4b96-9eec-5d706d35d4af.jpg?RS=810x810&AR=0&SF=webp&QT=80,,,GA250229013,"[{""shade_name"": ""02 MERRY CORAL"", ""shade_image"": ""https://cdn-image.oliveyoung.com/item/1268/481bf86c-922c-44d0-8ec7-67c626a3f616.jpg?RS=80x80&SF=webp&QT=80""}, {""shade_name"": ""03 SAND MOND"", ""shade_image"": ""https://cdn-image.oliveyoung.com/item/1280/ee83300b-6d51-42d0-ba86-32a4230d45bc.jpg?RS=80x80&SF=webp&QT=80""}, {""shade_name"": ""04 FIG PEACH"", ""shade_image"": ""https://cdn-image.oliveyoung.com/item/1866/988acc8a-581d-467b-8262-b820dd05ce5b.jpg?RS=80x80&SF=webp&QT=80""}, {""shade_name"": ""05 SCOTCH SHOT"", ""shade_image"": ""https://cdn-image.oliveyoung.com/item/1472/607abf97-2275-4fa6-8cd8-0ec606af085f.jpg?RS=80x80&SF=webp&QT=80""}, {""shade_name"": ""06 HONEY NUT"", ""shade_image"": ""https://cdn-image.oliveyoung.com/item/1288/723df7f1-054a-4909-86b4-1677553d89b8.jpg?RS=80x80&SF=webp&QT=80""}, {""shade_name"": ""07 CASSIS PLUM"", ""shade_image"": ""https://cdn-image.oliveyoung.com/item/1136/98a93aab-5618-426b-8a8b-e6f8e1d9c50b.jpg?RS=80x80&SF=webp&QT=80""}, {""shade_name"": ""08 SUMMER PUMPKIN"", ""shade_image"": ""https://cdn-image.oliveyoung.com/item/1790/23e168b8-0ff2-4764-8e67-0e2f9df297bb.jpg?RS=80x80&SF=webp&QT=80""}, {""shade_name"": ""09 SALMON SYRUP"", ""shade_image"": ""https://cdn-image.oliveyoung.com/item/1752/cfa886ef-49cb-410a-99b5-8ba892df7168.jpg?RS=80x80&SF=webp&QT=80""}, {""shade_name"": ""01 MAUVE ROSE"", ""shade_image"": ""https://cdn-image.oliveyoung.com/item/1176/a40b5ada-9e6c-4c8b-b13d-7e9c5bff7afb.jpg?RS=80x80&SF=webp&QT=80""}]"
bag,HERAHERA Sensual Tinted Shine Stick 3.5g,US$47.00,,4.7,,https://global.oliveyoung.com/product/detail?prdtNo=GA250228597,https://cdn-image.oliveyoung.com/prdtImg/1105/d73476d1-51a1-4c0d-84d3-e6c6c2261af4.jpg?RS=810x810&AR=0&SF=webp&QT=80,,,GA250228597,"[{""shade_name"": ""105 Boyish"", ""shade_image"": ""https://cdn-image.oliveyoung.com/item/1017/cf627c13-4fb1-44e8-95e8-1a2ba273aa23.jpg?RS=80x80&SF=webp&QT=80""}, {""shade_name"": ""99 Black Cherry"", ""shade_image"": ""https://cdn-image.oliveyoung.com/item/1621/f93874ed-12d8-4630-8089-19d29ec477e5.jpg?RS=80x80&SF=webp&QT=80""}, {""shade_name"": ""130 Stunning Pink"", ""shade_image"": ""https://cdn-image.oliveyoung.com/item/1393/331c43aa-ffc2-47fc-9f5f-5ec4da06b056.jpg?RS=80x80&SF=webp&QT=80""}, {""shade_name"": ""185 Electric Rose"", ""shade_image"": ""https://cdn-image.oliveyoung.com/item/1419/c2cd2dd0-be41-4b0d-9b6e-be4ce6292a05.jpg?RS=80x80&SF=webp&QT=80""}, {""shade_name"": ""278 Fever"", ""shade_image"": ""https://cdn-image.oliveyoung.com/item/1595/3faa9f9e-7b00-4c93-acdb-d09e1bb8229c.jpg?RS=80x80&SF=webp&QT=80""}, {""shade_name"": ""297 Orange Scotch"", ""shade_image"": ""https://cdn-image.oliveyoung.com/item/1007/a1c26c9f-1e88-4414-bf95-13029667222a.jpg?RS=80x80&SF=webp&QT=80""}, {""shade_name"": ""440 Blushed"", ""shade_image"": ""https://cdn-image.oliveyoung.com/item/1185/3971c2cd-74cd-4a93-af51-b094173f2836.jpg?RS=80x80&SF=webp&QT=80""}, {""shade_name"": ""498 Angel's Kiss"", ""shade_image"": ""https://cdn-image.oliveyoung.com/item/1631/83e72bf6-4d21-48cd-8117-6efc0747acbb.jpg?RS=80x80&SF=webp&QT=80""}, {""shade_name"": ""430 Too Beige"", ""shade_image"": ""https://cdn-image.oliveyoung.com/item/1219/fa59764e-5e10-4946-80fc-5a2bf375d084.jpg?RS=80x80&SF=webp&QT=80""}]"
bag,tiptoetiptoe Jelly Stick 3.5g,US$25.00,,4.7,,https://global.oliveyoung.com/product/detail?prdtNo=GA250128078,https://cdn-image.oliveyoung.com/prdtImg/1647/d88d8aca-a12c-466d-8a26-4aeb3434fe9b.jpg?RS=810x810&AR=0&SF=webp&QT=80,,,GA250128078,"[{""shade_name"": ""[SINGLE] 001 Toeshoes"", ""shade_image"": ""https://cdn-image.oliveyoung.com/item/1920/be1d4ea8-7690-48c1-b1a7-7b1801a7577a.jpg?RS=80x80&SF=webp&QT=80""}, {""shade_name"": ""[SINGLE] 002 Moran"", ""shade_image"": ""https://cdn-image.oliveyoung.com/item/1201/baadd8fe-98b8-4627-8ffb-a4afecb79561.jpg?RS=80x80&SF=webp&QT=80""}, {""shade_name"": ""[SINGLE] 003 Strawberry"", ""shade_image"": ""https://cdn-image.oliveyoung.com/item/1664/d6c2e5af-2c49-4f55-89b6-a91b33245b1f.jpg?RS=80x80&SF=webp&QT=80""}, {""shade_name"": ""[SINGLE] 004 Plum Syrup"", ""shade_image"": ""https://cdn-image.oliveyoung.com/item/1406/f38a736f-aa9c-4fb5-b090-4daabdf7a0a9.jpg?RS=80x80&SF=webp&QT=80""}, {""shade_name"": ""[SINGLE] 101 Sunlit Lavender"", ""shade_image"": ""https://cdn-image.oliveyoung.com/item/1403/a816ea24-e964-4b8a-ac74-8b8a2ff1e6c2.jpg?RS=80x80&SF=webp&QT=80""}, {""shade_name"": ""[SINGLE] 102 Butterfly"", ""shade_image"": ""https://cdn-image.oliveyoung.com/item/1031/f3b37f0b-f936-41a9-9368-3a6b8f642637.jpg?RS=80x80&SF=webp&QT=80""}, {""shade_name"": ""[SINGLE] 006 Rosy Step"", ""shade_image"": ""https://cdn-image.oliveyoung.com/item/1220/4af81a91-cb81-40d1-88c3-835f61065b7e.jpg?RS=80x80&SF=webp&QT=80""}, {""shade_name"": ""[SINGLE] 007 Flat Hazel"", ""shade_image"": ""https://cdn-image.oliveyoung.com/item/1893/e1b97bfe-d5ec-4313-83fd-29cd794e6119.jpg?RS=80x80&SF=webp&QT=80""}, {""shade_name"": ""[SINGLE] 008 Peach Pointe"", ""shade_image"": ""https://cdn-image.oliveyoung.com/item/1435/5a30a70d-6220-46f9-85f2-a77cd6d45d13.jpg?RS=80x80&SF=webp&QT=80""}, {""shade_name"": ""[SINGLE] 009 Berry Shoes"", ""shade_image"": ""https://cdn-image.oliveyoung.com/item/1105/a23a8d79-deff-4f0f-ae14-d4fe2a510ee1.jpg?RS=80x80&SF=webp&QT=80""}, {""shade_name"": ""[SINGLE] 005 Mood Black"", ""shade_image"": ""https://cdn-image.oliveyoung.com/item/1762/4f20fddb-72e8-456d-8798-25ad6db2eb4a.jpg?RS=80x80&SF=webp&QT=80""}]"
bag,KATEKATE Lip Monster Clear Tone 3.0g,US$28.00,,5.0,,https://global.oliveyoung.com/product/detail?prdtNo=GA250128068,https://cdn-image.oliveyoung.com/prdtImg/1989/37c3637d-91b9-4dcd-87c9-af0fabe1f0ff.jpg?RS=810x810&AR=0&SF=webp&QT=80,,,GA250128068,"[{""shade_name"": ""C01 Plaim Monster"", ""shade_image"": ""https://cdn-image.oliveyoung.com/item/1621/4d2e08a4-da59-415e-88ab-72a7898fc4c0.jpg?RS=80x80&SF=webp&QT=80""}, {""shade_name"": ""C02 Paw Monster"", ""shade_image"": ""https://cdn-image.oliveyoung.com/item/1148/eb85f003-d05f-4349-ba21-4dd6f3b0c3ae.jpg?RS=80x80&SF=webp&QT=80""}]"
bag,WAKEMAKE[Squid Game OYG Pick] WAKEMAKE Dewy Gel Glaze Stick,US$15.20US$19.00,,4.8,,https://global.oliveyoung.com/product/detail?prdtNo=GA241227601,https://cdn-image.oliveyoung.com/prdtImg/1149/eb5f6996-7ca9-4586-a224-8b34ea3d65ea.jpg?RS=810x810&AR=0&SF=webp&QT=80,,,GA241227601,"[{""shade_name"": ""[SET] #10 CRUSHED RED [Squid Game OYG Pick]"", ""shade_image"": ""https://cdn-image.oliveyoung.com/item/1513/015a1b0e-2956-4dcd-acac-b9371de19103.jpg?RS=80x80&SF=webp&QT=80""}, {""shade_name"": ""[SET] #11 RASPBERRY PUREE [Squid Game OYG Pick]"", ""shade_image"": ""https://cdn-image.oliveyoung.com/item/1013/c2357688-3cc3-47cd-86f6-a8cfe6cdb3c1.jpg?RS=80x80&SF=webp&QT=80""}]"
bag,ETUDEETUDE Color Lasting Glow Stick 3.2g,US$15.20US$19.00,,5.0,,https://global.oliveyoung.com/product/detail?prdtNo=GA241227591,https://cdn-image.oliveyoung.com/prdtImg/1862/1af2c9f7-413e-4f24-abef-615d339f6707.jpg?RS=810x810&AR=0&SF=webp&QT=80,,,GA241227591,"[{""shade_name"": ""01 Rose Berry"", ""shade_image"": ""https://cdn-image.oliveyoung.com/item/1904/6dca310c-01b5-462a-9d6e-793568bd0684.jpg?RS=80x80&SF=webp&QT=80""}, {""shade_name"": ""02 Forever Ruby"", ""shade_image"": ""https://cdn-image.oliveyoung.com/item/1974/e03c3796-11be-49c4-bafe-bdef8a6a10ed.jpg?RS=80x80&SF=webp&QT=80""}, {""shade_name"": ""03 Jealous Red"", ""shade_image"": ""https://cdn-image.oliveyoung.com/item/1864/fd537552-6d88-4e83-baf2-fbfa3315a17b.jpg?RS=80x80&SF=webp&QT=80""}, {""shade_name"": ""04 Pink Wish"", ""shade_image"": ""https://cdn-image.oliveyoung.com/item/1264/1b8e993c-65e2-4140-9817-4567c3c1e3d8.jpg?RS=80x80&SF=webp&QT=80""}, {""shade_name"": ""05 Honey Beige"", ""shade_image"": ""https://cdn-image.oliveyoung.com/item/1530/8581b8f4-60d5-4291-b0fc-101a1c9a864a.jpg?RS=80x80&SF=webp&QT=80""}, {""shade_name"": ""06 Twilight Mauve"", ""shade_image"": ""https://cdn-image.oliveyoung.com/item/1005/60c5291a-3c1d-448b-a8cb-128e9f077a74.jpg?RS=80x80&SF=webp&QT=80""}]"
bag,Keep in TouchKeep in Touch Glow Lip Sealer Pencil 0.9g,US$15.00,,4.7,,https://global.oliveyoung.com/product/detail?prdtNo=GA241227540,https://cdn-image.oliveyoung.com/prdtImg/1757/037e7506-1217-4063-8535-9ef362aa9793.jpg?RS=810x810&AR=0&SF=webp&QT=80,,,GA241227540,"[{""shade_name"": ""01 Cream Easy"", ""shade_image"": ""https://cdn-image.oliveyoung.com/item/1087/9d8e1b4e-1ad9-4de7-9fae-a41f76033417.jpg?RS=80x80&SF=webp&QT=80""}, {""shade_name"": ""02 Salmon Easy"", ""shade_image"": ""https://cdn-image.oliveyoung.com/item/1925/3bc527ae-3004-4909-a20d-38a8e50f74b2.jpg?RS=80x80&SF=webp&QT=80""}, {""shade_name"": ""03 Nu Vanilla"", ""shade_image"": ""https://cdn-image.oliveyoung.com/item/1861/ea2963be-1976-4451-9d29-43850f0d6d79.jpg?RS=80x80&SF=webp&QT=80""}]"
bag,Kiss meKiss me Eye Veil Effect Stick 4g,US$17.85US$21.00,,4.7,,https://global.oliveyoung.com/product/detail?prdtNo=GA241227538,https://cdn-image.oliveyoung.com/prdtImg/1519/d86401df-e0ed-4662-b5aa-f52c6984fcdc.jpg?RS=810x810&AR=0&SF=webp&QT=80,,,GA241227538,"[{""shade_name"": ""01 Momentary"", ""shade_image"": ""https://cdn-image.oliveyoung.com/item/1462/8cd48883-cd8e-4f92-a03b-3e646e3135ae.jpg?RS=80x80&SF=webp&QT=80""}, {""shade_name"": ""02 Intuitive"", ""shade_image"": ""https://cdn-image.oliveyoung.com/item/1245/bd73bca5-c880-49e4-b1ef-322bfe508b26.jpg?RS=80x80&SF=webp&QT=80""}, {""shade_name"": ""03 Confident"", ""shade_image"": ""https://cdn-image.oliveyoung.com/item/1528/58bffee2-b973-4ab8-832d-1beae1381f63.jpg?RS=80x80&SF=webp&QT=80""}, {""shade_name"": ""04 Believe U"", ""shade_image"": ""https://cdn-image.oliveyoung.com/item/1641/f3cb95ec-aea0-4b11-b60d-b444963f93c3.jpg?RS=80x80&SF=webp&QT=80""}, {""shade_name"": ""05 Attention"", ""shade_image"": ""https://cdn-image.oliveyoung.com/item/1844/5e845f1e-3202-4868-8f48-af46b98692d8.jpg?RS=80x80&SF=webp&QT=80""}, {""shade_name"": ""06 Feeling"", ""shade_image"": ""https://cdn-image.oliveyoung.com/item/1045/8392275d-81f0-4cfb-bb78-adf009a323f1.jpg?RS=80x80&SF=webp&QT=80""}]"
bag,ETUDEETUDE Color Lasting Glow Stick 3.2g,US$15.20US$19.00,,4.8,,https://global.oliveyoung.com/product/detail?prdtNo=GA241227524,https://cdn-image.oliveyoung.com/prdtImg/1368/af0b8299-2d7f-471e-9982-297ba5c60dbb.jpg?RS=810x810&AR=0&SF=webp&QT=80,,,GA241227524,"[{""shade_name"": ""[SINGLE] 07 Rosy Taupe"", ""shade_image"": ""https://cdn-image.oliveyoung.com/item/1998/eaafdc33-1644-4344-90ce-623870039626.jpg?RS=80x80&SF=webp&QT=80""}, {""shade_name"": ""[SINGLE] 08 Muted Brown"", ""shade_image"": ""https://cdn-image.oliveyoung.com/item/1665/04bd8e37-73c2-4f06-822f-12d7b0b88515.jpg?RS=80x80&SF=webp&QT=80""}]"
bag,BBIABBIA Over Glaze Stick 1.7g,US$17.00,,4.7,,https://global.oliveyoung.com/product/detail?prdtNo=GA241227503,https://cdn-image.oliveyoung.com/prdtImg/1687/f94332e6-cc51-473f-ae60-850a671683d1.jpg?RS=810x810&AR=0&SF=webp&QT=80,,,GA241227503,"[{""shade_name"": ""01 Original Glaze"", ""shade_image"": ""https://cdn-image.oliveyoung.com/item/1314/980822dd-6545-4399-8ba9-ae92e321ced2.jpg?RS=80x80&SF=webp&QT=80""}, {""shade_name"": ""02 Candy Glaze"", ""shade_image"": ""https://cdn-image.oliveyoung.com/item/1401/e82c388c-004e-4341-b318-93b1cded7655.jpg?RS=80x80&SF=webp&QT=80""}, {""shade_name"": ""03 Grape Glaze"", ""shade_image"": ""https://cdn-image.oliveyoung.com/item/1923/e018b94c-def3-4a3b-b413-188c9d1e0299.jpg?RS=80x80&SF=webp&QT=80""}, {""shade_name"": ""04 Fig Glaze"", ""shade_image"": ""https://cdn-image.oliveyoung.com/item/1814/363c2fc4-834a-423a-9209-f89a5c21f2c4.jpg?RS=80x80&SF=webp&QT=80""}, {""shade_name"": ""05 Caramel Glaze"", ""shade_image"": ""https://cdn-image.oliveyoung.com/item/1507/3013b436-d3d4-4d14-85d9-4c855e6a43ad.jpg?RS=80x80&SF=webp&QT=80""}, {""shade_name"": ""06 Choco Glaze"", ""shade_image"": ""https://cdn-image.oliveyoung.com/item/1126/dcce68af-6e3b-414e-bf8b-4ad3fbeae214.jpg?RS=80x80&SF=webp&QT=80""}, {""shade_name"": ""07 Honey Glaze"", ""shade_image"": ""https://cdn-image.oliveyoung.com/item/1852/c890a31e-c5b2-41c0-b71d-4b8eb7f89c7e.jpg?RS=80x80&SF=webp&QT=80""}, {""shade_name"": ""08 Berry Glaze"", ""shade_image"": ""https://cdn-image.oliveyoung.com/item/1084/055fefbc-0fae-4ef3-bdcf-ef6cab3dcce9.jpg?RS=80x80&SF=webp&QT=80""}, {""shade_name"": ""09 Lychee Glaze"", ""shade_image"": ""https://cdn-image.oliveyoung.com/item/1229/48d2752a-19d4-453e-9aaf-37cf6e071f18.jpg?RS=80x80&SF=webp&QT=80""}, {""shade_name"": ""10 Taro Glaze"", ""shade_image"": ""https://cdn-image.oliveyoung.com/item/1688/5964bc1d-83a0-475c-b646-a717a438cdde.jpg?RS=80x80&SF=webp&QT=80""}]"
bag,NATURE REPUBLICNATURE REPUBLIC Cotton Melting Lip 1.4g,US$11.90US$17.00,,4.6,,https://global.oliveyoung.com/product/detail?prdtNo=GA241227135,https://dist.oliveyoung.com/fo/c467fea223/resources/images/common/load.png,,,GA241227135,"[{""shade_name"": ""01 Cozy Beige"", ""shade_image"": ""https://cdn-image.oliveyoung.com/item/1044/91b404e0-60bc-4a4a-ac25-2de4623ca60a.jpg?RS=80x80&SF=webp&QT=80""}, {""shade_name"": ""02 Cotton Coral"", ""shade_image"": ""https://cdn-image.oliveyoung.com/item/1180/cd999a2f-dda3-4ece-87a0-cf201888c948.jpg?RS=80x80&SF=webp&QT=80""}, {""shade_name"": ""03 Fog Brown"", ""shade_image"": ""https://cdn-image.oliveyoung.com/item/1351/8df328f0-0647-483c-bdb3-d6af586392f6.jpg?RS=80x80&SF=webp&QT=80""}, {""shade_name"": ""04 Bunny Pink"", ""shade_image"": ""https://cdn-image.oliveyoung.com/item/1686/04a5dbe7-177f-44ac-b8ab-bc4a7d59fc95.jpg?RS=80x80&SF=webp&QT=80""}, {""shade_name"": ""05 Fuzzy Rose"", ""shade_image"": ""https://cdn-image.oliveyoung.com/item/1807/18edcf99-e42f-4c7f-9d10-b2bc25e7d112.jpg?RS=80x80&SF=webp&QT=80""}, {""shade_name"": ""06 Haze Mauve"", ""shade_image"": ""https://cdn-image.oliveyoung.com/item/1548/50a2b3b8-269a-4d8f-be0b-01469c2bca66.jpg?RS=80x80&SF=webp&QT=80""}, {""shade_name"": ""00 Chiffon Gray"", ""shade_image"": ""https://cdn-image.oliveyoung.com/item/1964/edf45c05-16b1-4365-aa9e-4989a6a76e10.jpg?RS=80x80&SF=webp&QT=80""}]"
bag,KATEKATE Lip Monster Super Glossy 1.6g,US$31.00,,5.0,,https://global.oliveyoung.com/product/detail?prdtNo=GA241227133,https://dist.oliveyoung.com/fo/c467fea223/resources/images/common/load.png,,,GA241227133,"[{""shade_name"": ""G01 Puddle Of The Day After Tomorrow"", ""shade_image"": ""https://cdn-image.oliveyoung.com/item/1739/f3b2e6f5-426a-4dd1-8592-b80141128329.png?RS=80x80&SF=webp&QT=80""}, {""shade_name"": ""G02 Pink Moon's Drop"", ""shade_image"": ""https://cdn-image.oliveyoung.com/item/1952/a1fb2e82-0059-4aa9-9861-86eaa376de94.png?RS=80x80&SF=webp&QT=80""}, {""shade_name"": ""G03 99.9℃"", ""shade_image"": ""https://cdn-image.oliveyoung.com/item/1582/f78f53e5-5e65-4e41-8ffa-b4ad286b310e.png?RS=80x80&SF=webp&QT=80""}]"
bag,SIMIHAZEBEAUTYSIMIHAZEBEAUTY Velvet Blur Matte Mini Lip Balm 1g,US$36.00,,,,https://global.oliveyoung.com/product/detail?prdtNo=GA241126901,https://dist.oliveyoung.com/fo/c467fea223/resources/images/common/load.png,,,GA241126901,"[{""shade_name"": ""Fever"", ""shade_image"": ""https://cdn-image.oliveyoung.com/item/1932/dec4dae1-4f58-4150-8417-99df0cc9b88f.jpg?RS=80x80&SF=webp&QT=80""}, {""shade_name"": ""Roseberry"", ""shade_image"": ""https://cdn-image.oliveyoung.com/item/1543/25bff5fb-6853-494d-966a-951ba44a58b7.jpg?RS=80x80&SF=webp&QT=80""}, {""shade_name"": ""Sunrise"", ""shade_image"": ""https://cdn-image.oliveyoung.com/item/1249/31a388ec-cad0-4a94-8b92-8cfb1b179b25.jpg?RS=80x80&SF=webp&QT=80""}, {""shade_name"": ""Lava"", ""shade_image"": ""https://cdn-image.oliveyoung.com/item/1720/b10cd2a7-c7b0-4070-b721-25898a551631.jpg?RS=80x80&SF=webp&QT=80""}, {""shade_name"": ""Windburn"", ""shade_image"": ""https://cdn-image.oliveyoung.com/item/1703/7b4de6ba-855a-4ad4-a775-75ee2a1555b7.jpg?RS=80x80&SF=webp&QT=80""}, {""shade_name"": ""Dusk"", ""shade_image"": ""https://cdn-image.oliveyoung.com/item/1228/e5f0f8d7-6d33-4e3e-af73-714ed4c70a2e.jpg?RS=80x80&SF=webp&QT=80""}, {""shade_name"": ""Moon Blade"", ""shade_image"": ""https://cdn-image.oliveyoung.com/item/1795/cb320ae1-a9ce-4555-83b7-cefa9b85b188.jpg?RS=80x80&SF=webp&QT=80""}]"
bag,SIMIHAZEBEAUTYSIMIHAZEBEAUTY Velvet Blur Matte Lip Balm 3g,US$59.00,,5.0,,https://global.oliveyoung.com/product/detail?prdtNo=GA241126886,https://dist.oliveyoung.com/fo/c467fea223/resources/images/common/load.png,,,GA241126886,"[{""shade_name"": ""Fever"", ""shade_image"": ""https://cdn-image.oliveyoung.com/item/1181/4aaccf62-7ae0-4642-8ca2-81e23688201d.jpg?RS=80x80&SF=webp&QT=80""}, {""shade_name"": ""Roseberry"", ""shade_image"": ""https://cdn-image.oliveyoung.com/item/1774/8c6319c7-cac9-430a-9e0b-2e1cec447a2e.jpg?RS=80x80&SF=webp&QT=80""}, {""shade_name"": ""Sunrise"", ""shade_image"": ""https://cdn-image.oliveyoung.com/item/1587/adec4e1c-97d8-4a18-8e35-5de496998a3b.jpg?RS=80x80&SF=webp&QT=80""}, {""shade_name"": ""Jam"", ""shade_image"": ""https://cdn-image.oliveyoung.com/item/1876/e4b95533-3a3e-4828-b858-649da232721c.png?RS=80x80&SF=webp&QT=80""}, {""shade_name"": ""Moon Blade"", ""shade_image"": ""https://cdn-image.oliveyoung.com/item/1475/5b96efed-0f0e-43fe-b30e-2062152e2bd0.jpg?RS=80x80&SF=webp&QT=80""}, {""shade_name"": ""Mist"", ""shade_image"": ""https://cdn-image.oliveyoung.com/item/1602/40a504ac-6b7c-410b-806b-1cd508a21077.jpg?RS=80x80&SF=webp&QT=80""}, {""shade_name"": ""Dahlia"", ""shade_image"": ""https://cdn-image.oliveyoung.com/item/1748/e00bf8ed-55b8-4d0b-980c-bc6e871825e0.jpg?RS=80x80&SF=webp&QT=80""}, {""shade_name"": ""Lava"", ""shade_image"": ""https://cdn-image.oliveyoung.com/item/1394/2f9240f4-3253-4ffb-929b-a87e64558415.jpg?RS=80x80&SF=webp&QT=80""}, {""shade_name"": ""Sahara"", ""shade_image"": ""https://cdn-image.oliveyoung.com/item/1705/6483d7f6-0460-4ae4-a1b3-e8b4db2ee347.jpg?RS=80x80&SF=webp&QT=80""}, {""shade_name"": ""Windburn"", ""shade_image"": ""https://cdn-image.oliveyoung.com/item/1245/ef08c1af-0554-422e-9f93-19e5d81c0e66.jpg?RS=80x80&SF=webp&QT=80""}, {""shade_name"": ""Dusk"", ""shade_image"": ""https://cdn-image.oliveyoung.com/item/1886/b1c1aa22-a89a-4467-a926-59214ce26731.png?RS=80x80&SF=webp&QT=80""}, {""shade_name"": ""Chai"", ""shade_image"": ""https://cdn-image.oliveyoung.com/item/1795/0cec1a16-0f0c-43d3-bcae-a79c8ef45a64.jpg?RS=80x80&SF=webp&QT=80""}]"
bag,periperaperipera Slip On My Lip,US$12.00US$15.00,,4.5,,https://global.oliveyoung.com/product/detail?prdtNo=GA241126726,https://cdn-image.oliveyoung.com/prdtImg/1361/a42ede2d-1ee9-4db5-aae1-50bdc98dab4a.jpg?RS=810x810&AR=0&SF=webp&QT=80,,,GA241126726,"[{""shade_name"": ""M01 Over The Moon"", ""shade_image"": ""https://cdn-image.oliveyoung.com/item/1938/8c2bd0dd-0c76-4195-8c96-0b8b91955ec1.jpg?RS=80x80&SF=webp&QT=80""}, {""shade_name"": ""M02 Come True"", ""shade_image"": ""https://cdn-image.oliveyoung.com/item/1466/3815cb02-0ce0-4d6f-8dfe-71952a4c2957.jpg?RS=80x80&SF=webp&QT=80""}, {""shade_name"": ""M03 Do What Love"", ""shade_image"": ""https://cdn-image.oliveyoung.com/item/1544/9dedeff7-56aa-495b-929c-99aeb6942869.jpg?RS=80x80&SF=webp&QT=80""}, {""shade_name"": ""M04 Thanks A Lot"", ""shade_image"": ""https://cdn-image.oliveyoung.com/item/1239/cb2e1e88-9efc-4e0f-bcfc-ab2bf265ed70.jpg?RS=80x80&SF=webp&QT=80""}, {""shade_name"": ""M06 Long Time No See"", ""shade_image"": ""https://cdn-image.oliveyoung.com/item/1350/9947d6a3-7c0b-460c-ab97-534b3faea992.jpg?RS=80x80&SF=webp&QT=80""}, {""shade_name"": ""M07 Be Natural"", ""shade_image"": ""https://cdn-image.oliveyoung.com/item/1541/3247493f-7867-44cc-a10f-f139e71c0221.jpg?RS=80x80&SF=webp&QT=80""}, {""shade_name"": ""M08 Make It Count"", ""shade_image"": ""https://cdn-image.oliveyoung.com/item/1138/b0ca1e95-df59-4b0f-87eb-0dcee9719582.jpg?RS=80x80&SF=webp&QT=80""}, {""shade_name"": ""S01 If You Mine"", ""shade_image"": ""https://cdn-image.oliveyoung.com/item/1706/30846c0e-4935-49f8-8556-fc3b62e74467.jpg?RS=80x80&SF=webp&QT=80""}, {""shade_name"": ""S02 Work The Best"", ""shade_image"": ""https://cdn-image.oliveyoung.com/item/1327/d788bf73-2a3d-47fd-9291-e3d11cb2a124.jpg?RS=80x80&SF=webp&QT=80""}, {""shade_name"": ""S03 Born To Be Star"", ""shade_image"": ""https://cdn-image.oliveyoung.com/item/1692/ad09765c-7a97-460a-92ba-d14c57e0171b.jpg?RS=80x80&SF=webp&QT=80""}, {""shade_name"": ""S04 Move Like This"", ""shade_image"": ""https://cdn-image.oliveyoung.com/item/1597/6d6315ad-048c-4088-a2f0-0db8fe249d6e.jpg?RS=80x80&SF=webp&QT=80""}, {""shade_name"": ""S05 Feel the Mood"", ""shade_image"": ""https://cdn-image.oliveyoung.com/item/1140/da01efff-6637-4438-9111-6976c72c9946.jpg?RS=80x80&SF=webp&QT=80""}, {""shade_name"": ""M05 Dizzy Love"", ""shade_image"": ""https://cdn-image.oliveyoung.com/item/1050/47f7661d-1ad7-4437-b38d-ddf2b2147564.jpg?RS=80x80&SF=webp&QT=80""}]"
bag,3CE3CE Cashmere Hug Lipstick 3.5g,US$20.80US$26.00,,4.7,,https://global.oliveyoung.com/product/detail?prdtNo=GA241026497,https://cdn-image.oliveyoung.com/prdtImg/1751/b27b1887-f8bb-4a05-8e2e-c2de19009d9f.jpg?RS=810x810&AR=0&SF=webp&QT=80,,,GA241026497,"[{""shade_name"": ""Oat"", ""shade_image"": ""https://cdn-image.oliveyoung.com/item/1607/67fc5237-6398-4c7e-b111-7e8db195f9be.png?RS=80x80&SF=webp&QT=80""}, {""shade_name"": ""Dreamy"", ""shade_image"": ""https://cdn-image.oliveyoung.com/item/1008/d7185754-6442-4cc0-b878-e9a23ce74a3e.png?RS=80x80&SF=webp&QT=80""}, {""shade_name"": ""Hush Red"", ""shade_image"": ""https://cdn-image.oliveyoung.com/item/1295/83cec441-8ad0-4737-ad70-a713f4ade952.png?RS=80x80&SF=webp&QT=80""}, {""shade_name"": ""Knit"", ""shade_image"": ""https://cdn-image.oliveyoung.com/item/1752/2b3a01c9-db05-4c9a-a938-f877999cbeaa.png?RS=80x80&SF=webp&QT=80""}, {""shade_name"": ""Buddy"", ""shade_image"": ""https://cdn-image.oliveyoung.com/item/1100/74bbfc41-91b0-43ef-8c45-d74cb5d74bc8.png?RS=80x80&SF=webp&QT=80""}, {""shade_name"": ""Cozy Whisper"", ""shade_image"": ""https://cdn-image.oliveyoung.com/item/1789/dc580f39-63fa-4088-b96b-c83dc1c24d4d.png?RS=80x80&SF=webp&QT=80""}, {""shade_name"": ""Text Me"", ""shade_image"": ""https://cdn-image.oliveyoung.com/item/1986/99afa118-c798-4144-a1e8-149d73122432.png?RS=80x80&SF=webp&QT=80""}, {""shade_name"": ""Your Side"", ""shade_image"": ""https://cdn-image.oliveyoung.com/item/1365/c5bb281a-7697-4406-b948-cef2d23a3f8c.png?RS=80x80&SF=webp&QT=80""}, {""shade_name"": ""Pure Blending"", ""shade_image"": ""https://cdn-image.oliveyoung.com/item/1981/3c24fe1b-9b45-40a3-8eca-c78f9a444d72.png?RS=80x80&SF=webp&QT=80""}, {""shade_name"": ""[SET] Hush Red (+Mini Lipstick)"", ""shade_image"": ""https://cdn-image.oliveyoung.com/item/1089/d7817c41-f6e7-461c-bc3f-cf3b4ebe1110.jpg?RS=80x80&SF=webp&QT=80""}, {""shade_name"": ""Taupe Beige"", ""shade_image"": ""https://cdn-image.oliveyoung.com/item/1058/f32c7573-120e-42d9-905a-9aa01901fbe6.png?RS=80x80&SF=webp&QT=80""}, {""shade_name"": ""[SET] Knit (+Mini Lipstick)"", ""shade_image"": ""https://cdn-image.oliveyoung.com/item/1253/e3413488-2d25-4a97-8185-40d9d26e0cb4.jpg?RS=80x80&SF=webp&QT=80""}]"
bag,CoralhazeCoralhaze Volumizing Lip Fondue 2g,US$21.00,,5.0,,https://global.oliveyoung.com/product/detail?prdtNo=GA241026244,https://cdn-image.oliveyoung.com/prdtImg/1936/327f537a-1333-4c7d-8f1e-7bf0f9719869.jpg?RS=810x810&AR=0&SF=webp&QT=80,,,GA241026244,"[{""shade_name"": ""01 Naive"", ""shade_image"": ""https://cdn-image.oliveyoung.com/item/1557/8d223479-da77-441b-9ec4-ca120a013dd1.jpg?RS=80x80&SF=webp&QT=80""}, {""shade_name"": ""02 Lenient"", ""shade_image"": ""https://cdn-image.oliveyoung.com/item/1507/77e8d460-9472-4b0b-a4fe-b5b3a11f6b76.jpg?RS=80x80&SF=webp&QT=80""}, {""shade_name"": ""03 Comfy"", ""shade_image"": ""https://cdn-image.oliveyoung.com/item/1719/8343e7ce-542c-48fa-98ef-61fd53da2fda.jpg?RS=80x80&SF=webp&QT=80""}, {""shade_name"": ""04 Lavish"", ""shade_image"": ""https://cdn-image.oliveyoung.com/item/1365/5df6c998-0275-4704-8d15-7c9c8dad999e.jpg?RS=80x80&SF=webp&QT=80""}, {""shade_name"": ""05 Distinct"", ""shade_image"": ""https://cdn-image.oliveyoung.com/item/1627/f350bd6e-f125-4a1f-af32-71fc696c5f5e.jpg?RS=80x80&SF=webp&QT=80""}, {""shade_name"": ""06 Essential"", ""shade_image"": ""https://cdn-image.oliveyoung.com/item/1034/c1521836-dae9-46f2-9d16-be5271dbde63.jpg?RS=80x80&SF=webp&QT=80""}, {""shade_name"": ""07 Humble"", ""shade_image"": ""https://cdn-image.oliveyoung.com/item/1038/35f42f9f-1044-4b5b-9909-ab0c7d288da1.jpg?RS=80x80&SF=webp&QT=80""}, {""shade_name"": ""08 Polite"", ""shade_image"": ""https://cdn-image.oliveyoung.com/item/1529/700b0b93-d3d5-4011-9e88-f4dbe616bd97.jpg?RS=80x80&SF=webp&QT=80""}, {""shade_name"": ""09 Outrun"", ""shade_image"": ""https://cdn-image.oliveyoung.com/item/1337/907d5df8-5cb2-4a5d-af7b-cff0e9edd9b4.jpg?RS=80x80&SF=webp&QT=80""}, {""shade_name"": ""10 Savage"", ""shade_image"": ""https://cdn-image.oliveyoung.com/item/1593/78d057b3-dfd1-4464-95d8-2a15e03e3a71.jpg?RS=80x80&SF=webp&QT=80""}]"
bag,DEAR DAHLIADEAR DAHLIA Lip Paradise Sensual Lip Glow 3.3g,US$30.60US$36.00,,4.8,,https://global.oliveyoung.com/product/detail?prdtNo=GA241026170,https://cdn-image.oliveyoung.com/prdtImg/1787/b4d508d5-707a-40b3-9d53-64aae9e13207.jpg?RS=810x810&AR=0&SF=webp&QT=80,,,GA241026170,"[{""shade_name"": ""Diana"", ""shade_image"": ""https://cdn-image.oliveyoung.com/item/1018/9da0625a-b406-48f8-aec4-f83c65592415.jpg?RS=80x80&SF=webp&QT=80""}, {""shade_name"": ""Isabelle"", ""shade_image"": ""https://cdn-image.oliveyoung.com/item/1362/35a718ec-eef3-4df9-8864-94efa2da65e3.jpg?RS=80x80&SF=webp&QT=80""}, {""shade_name"": ""Emily"", ""shade_image"": ""https://cdn-image.oliveyoung.com/item/1467/93bb7462-cc24-408f-a0d2-d3b945e0e0e2.jpg?RS=80x80&SF=webp&QT=80""}, {""shade_name"": ""Chloe"", ""shade_image"": ""https://cdn-image.oliveyoung.com/item/1771/75b2920a-69e6-4461-8d17-df23c6bafe92.jpg?RS=80x80&SF=webp&QT=80""}, {""shade_name"": ""Felicia"", ""shade_image"": ""https://cdn-image.oliveyoung.com/item/1117/15b12a32-e32a-4b21-8b4e-f7001482801d.jpg?RS=80x80&SF=webp&QT=80""}, {""shade_name"": ""Kylie"", ""shade_image"": ""https://cdn-image.oliveyoung.com/item/1447/77668d22-870d-4202-9dca-c753545417f6.jpg?RS=80x80&SF=webp&QT=80""}, {""shade_name"": ""Luna"", ""shade_image"": ""https://cdn-image.oliveyoung.com/item/1309/b79b4fd8-e37c-4547-aecf-57a764b54072.jpg?RS=80x80&SF=webp&QT=80""}, {""shade_name"": ""Hazel"", ""shade_image"": ""https://cdn-image.oliveyoung.com/item/1749/809dd28f-2145-4d71-b58b-611d3771f317.jpg?RS=80x80&SF=webp&QT=80""}]"
bag,espoirespoir Plumpies Overlip Pencil 0.4g,US$17.85US$21.00,,4.6,,https://global.oliveyoung.com/product/detail?prdtNo=GA241026158,https://cdn-image.oliveyoung.com/prdtImg/1940/246e9d59-98da-4efa-a0c0-21cce83f3074.jpg?RS=810x810&AR=0&SF=webp&QT=80,,,GA241026158,"[{""shade_name"": ""#01 Cooling Volume"", ""shade_image"": ""https://cdn-image.oliveyoung.com/item/1986/f6785c70-3201-4e46-a7b7-cdf01c0f4841.jpg?RS=80x80&SF=webp&QT=80""}, {""shade_name"": ""#04 Beige Volume"", ""shade_image"": ""https://cdn-image.oliveyoung.com/item/1878/72c647ec-f6bb-4c5c-a706-64cd53f6db6b.jpg?RS=80x80&SF=webp&QT=80""}, {""shade_name"": ""#03 Rose Volume"", ""shade_image"": ""https://cdn-image.oliveyoung.com/item/1321/9d13e5e9-1bc1-444e-b14f-48301210c630.jpg?RS=80x80&SF=webp&QT=80""}, {""shade_name"": ""#02 Warming Volume"", ""shade_image"": ""https://cdn-image.oliveyoung.com/item/1558/93e8fe7c-360b-4cdd-9312-3e53705dafdc.jpg?RS=80x80&SF=webp&QT=80""}]"
bag,nonoernonoer Over Dew Lip Pencil 1.4g,US$18.00,,4.6,,https://global.oliveyoung.com/product/detail?prdtNo=GA240925946,https://cdn-image.oliveyoung.com/prdtImg/1061/3c8a8eb2-3c35-46e8-bc3e-3ed9076bf60e.jpg?RS=810x810&AR=0&SF=webp&QT=80,,,GA240925946,"[{""shade_name"": ""001 Cashmere Rose"", ""shade_image"": ""https://cdn-image.oliveyoung.com/item/1987/69d1b664-368c-4b2f-88d0-c4d0aac1212a.jpg?RS=80x80&SF=webp&QT=80""}, {""shade_name"": ""002 Suede Rosy Brown"", ""shade_image"": ""https://cdn-image.oliveyoung.com/item/1751/d03f5013-777b-47e7-8bbe-9d836d3bf6c6.jpg?RS=80x80&SF=webp&QT=80""}, {""shade_name"": ""003 Chiffon Peach Echo"", ""shade_image"": ""https://cdn-image.oliveyoung.com/item/1043/058a119f-8b5b-49f1-a03e-e6979e950a0a.jpg?RS=80x80&SF=webp&QT=80""}, {""shade_name"": ""005 Fringe Redwood"", ""shade_image"": ""https://cdn-image.oliveyoung.com/item/1579/7261a3c7-4036-4777-a88f-58e33d90043d.jpg?RS=80x80&SF=webp&QT=80""}, {""shade_name"": ""101 Coat Earth Touch"", ""shade_image"": ""https://cdn-image.oliveyoung.com/item/1945/72711d2c-eb89-431e-abe5-41e498c6073c.jpg?RS=80x80&SF=webp&QT=80""}, {""shade_name"": ""102 Silhouette Sand"", ""shade_image"": ""https://cdn-image.oliveyoung.com/item/1699/5f7e33f2-52be-46ff-ba89-9a6a35415c35.jpg?RS=80x80&SF=webp&QT=80""}]"
bag,WAKEMAKEWAKEMAKE Sheer Blurring Matte Stick,US$15.20US$19.00,,4.4,,https://global.oliveyoung.com/product/detail?prdtNo=GA240825420,https://cdn-image.oliveyoung.com/prdtImg/1748/d024758e-85e7-4fd0-b3b7-b748ded61db1.jpg?RS=810x810&AR=0&SF=webp&QT=80,,,GA240825420,"[{""shade_name"": ""[SET] 08 Hush Now (+Brush)"", ""shade_image"": ""https://cdn-image.oliveyoung.com/item/1728/b90455d8-1941-4b15-b367-32c21f01f929.jpg?RS=80x80&SF=webp&QT=80""}, {""shade_name"": ""[SINGLE] 01 Humming"", ""shade_image"": ""https://cdn-image.oliveyoung.com/item/1385/76f5d048-5eea-474c-8446-3d38d42c5037.jpg?RS=80x80&SF=webp&QT=80""}, {""shade_name"": ""[SINGLE] 02 Slower Moment"", ""shade_image"": ""https://cdn-image.oliveyoung.com/item/1343/4498a372-4aaf-4b3a-9843-12c9254b7d22.jpg?RS=80x80&SF=webp&QT=80""}, {""shade_name"": ""[SINGLE] 03 Noted"", ""shade_image"": ""https://cdn-image.oliveyoung.com/item/1633/638b8793-f2c8-47bc-8ed2-f5c5eeae887f.jpg?RS=80x80&SF=webp&QT=80""}, {""shade_name"": ""[SINGLE] 10 Sheer Pink"", ""shade_image"": ""https://cdn-image.oliveyoung.com/item/1247/640ca700-c1ed-4cb1-a631-2ba4008cbcab.jpg?RS=80x80&SF=webp&QT=80""}, {""shade_name"": ""[SINGLE] 04 Teddy Tedder"", ""shade_image"": ""https://cdn-image.oliveyoung.com/item/1124/49ed1f40-aec7-47dc-893d-88891412ee2e.jpg?RS=80x80&SF=webp&QT=80""}, {""shade_name"": ""[SINGLE] 11 Muted Muse"", ""shade_image"": ""https://cdn-image.oliveyoung.com/item/1835/288d8039-a43b-4661-bf02-4e28928aaa24.jpg?RS=80x80&SF=webp&QT=80""}, {""shade_name"": ""[SINGLE] 05 Narrative"", ""shade_image"": ""https://cdn-image.oliveyoung.com/item/1148/9e7ea79e-d243-407c-b3ec-efc7a6ed4191.jpg?RS=80x80&SF=webp&QT=80""}, {""shade_name"": ""[SINGLE] 06 Moon Away"", ""shade_image"": ""https://cdn-image.oliveyoung.com/item/1224/f0628cbf-43dd-4b61-929f-82e7079caa2b.jpg?RS=80x80&SF=webp&QT=80""}, {""shade_name"": ""[SINGLE] 07 Somewhere"", ""shade_image"": ""https://cdn-image.oliveyoung.com/item/1651/d5d77f79-b2be-4344-a310-a830181d6460.jpg?RS=80x80&SF=webp&QT=80""}, {""shade_name"": ""[SINGLE] 08 Hush Now"", ""shade_image"": ""https://cdn-image.oliveyoung.com/item/1545/77f184fd-6bf2-45f2-a042-004a75963cbc.jpg?RS=80x80&SF=webp&QT=80""}]"
bag,INGAINGA Water Glow Melting Balm 1.8g,US$11.90US$14.00,,4.8,,https://global.oliveyoung.com/product/detail?prdtNo=GA240825397,https://cdn-image.oliveyoung.com/prdtImg/1986/4b72a53b-5889-4619-9cfa-d4f39e80c731.jpg?RS=810x810&AR=0&SF=webp&QT=80,,,GA240825397,"[{""shade_name"": ""Peach Juice"", ""shade_image"": ""https://cdn-image.oliveyoung.com/item/1919/5dd92fb4-84dc-46dd-82cd-049629dd91b6.jpg?RS=80x80&SF=webp&QT=80""}, {""shade_name"": ""Lychee Juice"", ""shade_image"": ""https://cdn-image.oliveyoung.com/item/1375/a83e3bed-f316-4f54-8367-e0b10dc81018.jpg?RS=80x80&SF=webp&QT=80""}, {""shade_name"": ""Cherry Juice"", ""shade_image"": ""https://cdn-image.oliveyoung.com/item/1557/83a41e4e-de03-4766-a4bd-ef53048f6316.jpg?RS=80x80&SF=webp&QT=80""}, {""shade_name"": ""Fig Juice"", ""shade_image"": ""https://cdn-image.oliveyoung.com/item/1463/237a30e0-ce8f-4d90-b658-5d947697bd96.jpg?RS=80x80&SF=webp&QT=80""}, {""shade_name"": ""Plum Juice"", ""shade_image"": ""https://cdn-image.oliveyoung.com/item/1237/f61f96ae-3035-42ae-9e5d-4805b5a4ac35.jpg?RS=80x80&SF=webp&QT=80""}]"
